clonotype_id,consensus_id,length,chain,v_gene,d_gene,j_gene,c_gene,full_length,productive,fwr1,fwr1_nt,cdr1,cdr1_nt,fwr2,fwr2_nt,cdr2,cdr2_nt,fwr3,fwr3_nt,cdr3,cdr3_nt,fwr4,fwr4_nt,reads,umis,v_start,v_end,v_end_ref,j_start,j_start_ref,j_end,fwr1_start,fwr1_end,cdr1_start,cdr1_end,fwr2_start,fwr2_end,cdr2_start,cdr2_end,fwr3_start,fwr3_end,cdr3_start,cdr3_end,fwr4_start,fwr4_end
clonotype1,clonotype1_consensus1,559,IGK,IGKV3-11,,IGKJ2,IGKC,true,true,EIVLTQSPATLSLSPGERATLSC,GAAATTGTGTTGACACAGTCTCCAGCCACCCTGTCTTTGTCTCCAGGGGAAAGAGCCACCCTCTCCTGC,RASQSVSSYLA,AGGGCCAGTCAGAGTGTTAGCAGCTACTTAGCC,WYQQKPGQAPRLLIY,TGGTACCAACAGAAACCTGGCCAGGCTCCCAGGCTCCTCATCTAT,DASNRAT,GATGCATCCAACAGGGCCACT,GIPARFSGSGSGTDFTLTISSLEPEDFAVYY,GGCATCCCAGCCAGGTTCAGTGGCAGTGGGTCTGGGACAGACTTCACTCTCACCATCAGCAGCCTAGAGCCTGAAGATTTTGCAGTTTATTAC,CQQRSNWYTF,TGTCAGCAGCGTAGCAACTGGTACACTTTT,GQGTKLEIK,GGCCAGGGGACCAAGCTGGAGATCAAAC,197,79,44,389,345,384,0,423,104,173,173,206,206,251,251,272,272,365,365,395,395,423
clonotype2,clonotype2_consensus1,552,IGK,IGKV3-11,,IGKJ2,IGKC,true,true,EIVLTQSPATLSLSPGERATLSC,GAAATTGTGTTGACACAGTCTCCAGCCACCCTGTCTTTGTCTCCAGGGGAAAGAGCCACCCTCTCCTGC,RASQSVSSYLA,AGGGCCAGTCAGAGTGTTAGCAGCTACTTAGCC,WYQQKPGQAPRLLIY,TGGTACCAACAGAAACCTGGCCAGGCTCCCAGGCTCCTCATCTAT,DASNRAT,GATGCATCCAACAGGGCCACT,GIPARFSGSGSGTDFTLTISSLEPEDFAVYY,GGCATCCCAGCCAGGTTCAGTGGCAGTGGGTCTGGGACAGACTTCACTCTCACCATCAGCAGCCTAGAGCCTGAAGATTTTGCAGTTTATTAC,CQQRSNWPRTF,TGTCAGCAGCGTAGCAACTGGCCTCGGACTTTT,GQGTKLEIK,GGCCAGGGGACCAAGCTGGAGATCAAAC,217,78,34,379,345,377,0,416,94,163,163,196,196,241,241,262,262,355,355,388,388,416
clonotype3,clonotype3_consensus1,648,IGH,IGHV3-21,,IGHJ3,IGHA2,true,true,EVQLVESGGGLVKPGGSLRLSCGAS,GAGGTGCAGCTGGTGGAGTCTGGGGGAGGCCTGGTCAAGCCTGGGGGGTCCCTGAGACTCTCCTGTGGAGCCTCT,GFAFSSY,GGATTCGCGTTCAGTAGTTAC,TINWVRQAPGKGLEWVSSI,ACCATCAACTGGGTCCGCCAGGCTCCAGGGAAGGGGCTGGAGTGGGTCTCATCCATT,SSDSNY,AGTAGTGATAGTAATTAC,IYYADSVKGRFTISRDNANHSLDLQMNSLRAEDTAVYY,ATATACTACGCAGACTCAGTGAAGGGCCGATTCACCATCTCCAGAGACAACGCCAACCACTCACTGGATCTGCAAATGAACAGCCTGAGAGCCGAGGATACGGCTGTATATTAC,CARGPNDAFDVW,TGTGCGAGAGGTCCTAATGATGCTTTTGATGTCTGG,GQGTMVTVSS,GGCCAAGGGACAATGGTCACCGTCTCTTCAG,1185,472,79,432,353,438,0,488,136,211,211,232,232,289,289,307,307,421,421,457,457,488
clonotype3,clonotype3_consensus2,603,IGK,IGKV3-20,,IGKJ1,IGKC,true,true,ENVLTQSPATLSLSPGGRATLFC,GAAAATGTGTTGACGCAGTCTCCAGCCACCCTGTCTTTGTCTCCAGGGGGACGAGCCACCCTCTTCTGC,RASQTVSANYVA,AGGGCCAGTCAGACTGTTAGCGCCAACTACGTTGCC,WYQQKPGQAPRLLIY,TGGTATCAGCAGAAACCTGGCCAGGCTCCCAGGCTCCTCATCTAT,GASTRAT,GGTGCATCAACCAGGGCCACT,GIPGRFSGSGSGTDFTLIISRLEPEDSAVYY,GGCATCCCTGGCAGGTTCAGTGGCAGTGGGTCTGGGACAGACTTCACTCTCATCATCAGCAGACTGGAGCCTGAAGATTCTGCAGTGTATTAT,CQQYARSPPWTF,TGTCAGCAGTACGCTAGGTCACCTCCGTGGACGTTC,GQGTKVEIK,GGCCAAGGGACCAAGGTGGAAATCAAAC,9012,3368,79,427,348,429,0,467,139,208,208,244,244,289,289,310,310,403,403,439,439,467
clonotype4,clonotype4_consensus1,524,IGH,IGHV4-59,IGHD4-23,IGHJ4,IGHM,true,true,QVQLQESGPGLVKPSETLSLTCTVS,CAGGTGCAGCTGCAGGAGTCGGGCCCAGGACTGGTGAAGCCTTCGGAGACCCTGTCCCTCACCTGCACTGTCTCT,GGSISSY,GGTGGCTCCATCAGTAGTTAC,YWSWIRQPPGKGLEWIAYI,TACTGGAGCTGGATCCGGCAGCCCCCAGGGAAGGGACTGGAGTGGATTGCGTATATC,YYSGS,TATTACAGTGGGAGC,TNYNPSLKSRVTISVDTSKNQFSLKLSSVTAADTAVYY,ACCAACTACAACCCCTCCCTCAAGAGTCGCGTCACCATATCAGTAGACACGTCCAAGAACCAGTTCTCCCTGAAGCTGAGCTCTGTGACCGCTGCGGACACGGCCGTGTATTAC,CATTTVVTPGYFDYW,TGTGCGACGACTACGGTGGTAACTCCGGGGTACTTTGACTACTGG,GQGTLVTVSS,GGCCAGGGAACCCTGGTCACCGTCTCCTCAG,22,11,38,388,350,405,0,453,95,170,170,191,191,248,248,263,263,377,377,422,422,453
clonotype4,clonotype4_consensus2,569,IGK,IGKV4-1,,IGKJ4,IGKC,true,true,DIVMTQSPDSLAVSLGERATINC,GACATCGTGATGACCCAGTCTCCAGACTCCCTGGCTGTGTCTCTGGGCGAGAGGGCCACCATCAACTGC,KSSQSVLYSSNNKNYLA,AAGTCCAGCCAGAGTGTTTTATACAGCTCCAACAATAAGAACTACTTAGCT,WYQQKPGQPPKLLIY,TGGTACCAGCAGAAACCAGGACAGCCTCCTAAGCTGCTCATTTAC,WASTRES,TGGGCATCTACCCGGGAATCC,GVPDRFSGSGSGTDFTLTISSLQAEDVAVYY,GGGGTCCCTGACCGATTCAGTGGCAGCGGGTCTGGGACAGATTTCACTCTCACCATCAGCAGCCTGCAGGCTGAAGATGTGGCAGTTTATTAC,CQQYYSIVPLTF,TGTCAGCAATATTATAGTATTGTTCCCCTCACTTTC,GGGTKVEIK,GGCGGAGGGACCAAGGTGGAGATCAAAC,100,42,30,393,363,396,0,433,90,159,159,210,210,255,255,276,276,369,369,405,405,433
clonotype5,clonotype5_consensus1,545,IGH,IGHV3-23,IGHD3-10,IGHJ2,IGHM,true,true,EVQLLESGGGLVQPGGSLRLSCAAS,GAGGTGCAGCTGTTGGAGTCTGGGGGAGGCTTGGTACAGCCTGGGGGGTCCCTGAGACTCTCCTGTGCAGCCTCT,GFTFSSY,GGATTCACCTTTAGCAGCTAT,AMSWVRQAPGKGLEWVSAI,GCCATGAGCTGGGTCCGCCAGGCTCCAGGGAAGGGGCTGGAGTGGGTCTCAGCTATT,SGSGGS,AGTGGTAGTGGTGGTAGC,TYYADSVKGRFTISRDNSKNTLYLQMNSLRAEDTAVYY,ACATACTACGCAGACTCCGTGAAGGGCCGGTTCACCATCTCCAGAGACAATTCCAAGAACACGCTGTATCTGCAAATGAACAGCCTGAGAGCCGAGGACACGGCCGTATATTAC,CAKAAMVRGVIDWYFDLW,TGTGCGAAGGCAGCTATGGTTCGGGGAGTTATCGACTGGTACTTCGATCTCTGG,GRGTLVTVSS,GGCCGTGGCACCCTGGTCACTGTCTCCTCAG,67,33,47,400,353,421,0,474,104,179,179,200,200,257,257,275,275,389,389,443,443,474
clonotype5,clonotype5_consensus2,537,IGK,IGKV1-8,,IGKJ4,IGKC,true,true,AIRMTQSPSSFSASTGDRVTITC,GCCATCCGGATGACCCAGTCTCCATCCTCATTCTCTGCATCTACAGGAGACAGAGTCACCATCACTTGT,RASQGISSYLA,CGGGCGAGTCAGGGTATTAGCAGTTATTTAGCC,WYQQKPGKAPKLLIY,TGGTATCAGCAAAAACCAGGGAAAGCCCCTAAGCTCCTGATCTAT,AASTLQS,GCTGCATCCACTTTGCAAAGT,GVPSRFSGSGSGTDFTLTISCLQSEDFATYY,GGGGTCCCATCAAGGTTCAGCGGCAGTGGATCTGGGACAGATTTCACTCTCACCATCAGCTGCCTGCAGTCTGAAGATTTTGCAACTTATTAC,CQQYYSYPPFTF,TGTCAACAGTATTATAGTTACCCTCCGTTCACTTTC,GGGTKVEIK,GGCGGAGGGACCAAGGTGGAGATCAAAC,32,12,16,361,345,364,0,401,76,145,145,178,178,223,223,244,244,337,337,373,373,401
clonotype6,clonotype6_consensus1,567,IGH,IGHV3-33,IGHD6-19,IGHJ4,IGHM,true,true,QVQLVESGGGVVQPGRSLRLSCAAS,CAGGTGCAGCTGGTGGAGTCTGGGGGAGGCGTGGTCCAGCCTGGGAGGTCCCTGAGACTCTCCTGTGCAGCCTCT,GFTFSSY,GGATTCACCTTCAGTAGCTAT,AMHWVRQAPGKGLEWVAVI,GCTATGCACTGGGTCCGCCAGGCTCCAGGCAAGGGGCTGGAGTGGGTGGCAGTTATA,SYDGSN,TCATATGATGGAAGCAAT,KYYADSVKGRFTISRDNSKNTLYLQMNSLRAEDTAVYY,AAATACTACGCAGACTCCGTGAAGGGCCGATTCACCATCTCCAGAGACAATTCCAAGAACACGCTGTATCTGCAAATGAACAGCCTGAGAGCTGAGGACACGGCTGTGTATTAC,CASGSSDRYSSGWYWGYFDYW,TGTGCGAGCGGTTCCTCGGACCGGTATAGCAGTGGCTGGTACTGGGGGTACTTTGACTACTGG,GQGTLVTVSS,GGCCAGGGAACCCTGGTCACCGTCTCCTCAG,75,37,60,413,353,448,0,496,117,192,192,213,213,270,270,288,288,402,402,465,465,496
clonotype6,clonotype6_consensus2,688,IGL,IGLV3-1,,IGLJ2,IGLC2,true,true,SYELTQPPSVSVSPGQTASITC,TCCTATGAGCTGACTCAGCCACCCTCAGTGTCCGTGTCCCCAGGACAGACAGCCAGCATCACCTGC,SGDKLGDKYAC,TCTGGAGATAAATTGGGGGATAAATATGCTTGC,WYQQKPGQSPVLVIY,TGGTATCAGCAGAAGCCAGGCCAGTCCCCTGTGCTGGTCATCTAT,QDSKRPS,CAAGATAGCAAGCGGCCCTCA,GIPERFSGSNSGNTATLTISGTQAMDEADYY,GGGATCCCTGAGCGATTCTCTGGCTCCAACTCTGGGAACACAGCCACTCTGACCATCAGCGGGACCCAGGCTATGGATGAGGCTGACTATTAC,CQAWDSSTVVF,TGTCAGGCGTGGGACAGCAGCACTGTGGTATTC,GGGTKLTVL,GGCGGAGGGACCAAGCTGACCGTCCTAG,146,58,101,441,340,439,0,477,158,224,224,257,257,302,302,323,323,416,416,449,449,477
clonotype7,clonotype7_consensus1,525,IGH,IGHV4-39,,IGHJ4,IGHM,true,true,QLQLQESGPGLVKPSETLSLTCTVS,CAGCTGCAGCTGCAGGAGTCGGGCCCAGGACTGGTGAAGCCTTCGGAGACCCTGTCCCTCACCTGCACTGTCTCT,GGSISSSSY,GGTGGCTCCATCAGCAGTAGTAGTTAC,YWGWIRQPPGKGLEWIGSI,TACTGGGGCTGGATCCGCCAGCCCCCAGGGAAGGGGCTGGAGTGGATTGGGAGTATC,YYSGS,TATTATAGTGGGAGC,TYYNPSLKSRVTISVDTSKNQFSLKLSSVTAADTAVYY,ACCTACTACAACCCGTCCCTCAAGAGTCGAGTCACCATATCCGTAGACACGTCCAAGAACCAGTTCTCCCTGAAGCTGAGCTCTGTGACCGCCGCAGACACGGCTGTGTATTAC,CARLGGYDSTFDYW,TGTGCGAGACTGGGGGGCTATGATAGCACCTTTGACTACTGG,GQGTLVTVSS,GGCCAGGGAACCCTGGTCACCGTCTCCTCAG,68,35,15,392,377,406,0,454,93,168,168,195,195,252,252,267,267,381,381,423,423,454
clonotype7,clonotype7_consensus2,638,IGL,IGLV2-18,,IGLJ1,IGLC1,true,true,QSALTQPPSVSGSPGQSVTISC,CAGTCTGCCCTGACTCAGCCTCCCTCCGTGTCCGGGTCTCCTGGACAGTCAGTCACCATCTCCTGC,TGTSSDVGSYNRVS,ACTGGAACCAGCAGTGACGTTGGTAGTTATAACCGTGTCTCC,WYQQPPGTAPKLMIY,TGGTACCAGCAGCCCCCAGGCACAGCCCCCAAACTCATGATTTAT,EVSNRPS,GAGGTCAGTAATCGGCCCTCA,GVPDRFSGSKSGNTASLTISGLQAEDEADYY,GGGGTCCCTGATCGCTTCTCTGGGTCCAAGTCTGGCAACACGGCCTCCCTGACCATCTCTGGGCTCCAGGCTGAGGACGAGGCTGATTATTAC,CSSYTSSSTYVF,TGCAGCTCATATACAAGCAGCAGCACTTATGTCTTC,GTGTKVTVL,GGAACTGGGACCAAGGTCACCGTCCTAG,166,63,39,393,354,389,0,427,96,162,162,204,204,249,249,270,270,363,363,399,399,427
clonotype8,clonotype8_consensus1,533,IGH,IGHV4-39,,IGHJ5,IGHM,true,true,QLQLQESGPGLVKPSETLSLTCTVS,CAGCTGCAGCTGCAGGAGTCGGGCCCAGGACTGGTGAAGCCTTCGGAGACCCTGTCCCTCACCTGCACTGTCTCT,GGSISSTNN,GGTGGCTCCATCAGCAGTACTAATAAC,YWSWIRQPPGKGLEWIGSI,TACTGGAGCTGGATCCGCCAGCCCCCAGGGAAGGGGCTGGAGTGGATTGGGAGTATC,YYSGN,TATTATAGTGGGAAC,TYYNPSLKSRVTISADTSKNQFSLRLSSVTAADTAVYY,ACCTACTACAACCCGTCCCTCAAGAGTCGAGTCACCATATCCGCAGACACGTCCAAGAACCAGTTCTCCCTGAGGCTGAGCTCTGTGACCGCCGCAGACACGGCTGTGTATTAC,CARSAESKTYWYDPW,TGTGCGAGATCGGCCGAGAGTAAGACCTACTGGTACGACCCCTGG,GQGTLVTVSS,GGCCAGGGAACCCTGGTCACCGTCTCCTCAG,81,37,20,397,377,411,0,462,98,173,173,200,200,257,257,272,272,386,386,431,431,462
clonotype8,clonotype8_consensus2,551,IGK,IGKV1D-39,,IGKJ1,IGKC,true,true,DIQMTQSPSSLSASVGDRVTITC,GACATCCAGATGACCCAGTCTCCATCCTCCCTGTCTGCATCTGTAGGAGACAGAGTCACCATCACTTGC,RASQSISSYLN,CGGGCAAGTCAGAGCATTAGCAGCTATTTAAAT,WYQQKPGKAPKLLIY,TGGTATCAGCAGAAACCAGGGAAAGCCCCTAAGCTCCTGATCTAT,AASSLQS,GCTGCATCCAGTTTGCAAAGT,GVPSRFSGSGSGTDFTLTISSLQPEDFATYY,GGGGTCCCATCAAGGTTCAGTGGCAGTGGATCTGGGACAGATTTCACTCTCACCATCAGCAGTCTGCAACCTGAAGATTTTGCAACTTACTAC,CQQSYSTPQTF,TGTCAACAGAGTTACAGTACCCCTCAGACGTTC,GQGTKVEIK,GGCCAAGGGACCAAGGTGGAAATCAAAC,63,27,27,380,353,377,0,415,93,162,162,195,195,240,240,261,261,354,354,387,387,415
clonotype9,clonotype9_consensus1,654,IGH,IGHV7-4-1,,IGHJ6,IGHA1,true,true,QVQLVQSGSDLKKPGASVKVSCKAS,CAGGTGCAACTGGTGCAATCTGGGTCTGACTTGAAGAAGCCTGGGGCCTCAGTGAAGGTTTCCTGCAAGGCTTCT,GYSFTSY,GGATACAGCTTCACATCCTAT,ALHWVRQAPGQGLEWMGWI,GCTTTGCATTGGGTGCGACAGGCCCCTGGACAAGGGCTTGAGTGGATGGGATGGATC,NTNTRN,AACACCAACACTAGAAAC,PTYAQGFTGRFVFSLDTSVSTAYLQISSLKAEDTAVYY,CCAACATATGCCCAGGGCTTCACAGGACGGTTTGTCTTCTCCTTGGACACCTCTGTCAGCACGGCATATCTGCAGATCAGCAGTCTAAAGGCTGAGGACACTGCCGTCTACTAC,CTRDLLVNWNDPGLISYYNSFDVW,TGTACGAGAGATCTTCTTGTTAACTGGAACGACCCCGGACTCATTTCCTACTACAACAGTTTCGACGTCTGG,GQGTTVTVSS,GGCCAAGGGACCACGGTCACCGTCTCCTCAG,12421,6370,49,402,353,454,23,494,106,181,181,202,202,259,259,277,277,391,391,463,463,494
clonotype9,clonotype9_consensus2,566,IGK,IGKV4-1,,IGKJ1,IGKC,true,true,DIVMTQSPDSLAVSLGERATINC,GACATCGTGATGACCCAGTCTCCAGACTCCCTGGCTGTGTCTCTGGGCGAGAGGGCCACCATCAACTGC,KSSLSVLYRSNNQNYLA,AAGTCCAGCCTGAGTGTTTTATACCGATCCAACAATCAGAACTACTTAGCT,WYQQKPGQPPKLLIH,TGGTACCAGCAGAAACCAGGACAGCCTCCTAAGCTGCTCATTCAC,WASTRES,TGGGCGTCTACCCGGGAATCC,GVPERFSGSGSGTDFTLTISSLQAEDVAVYY,GGGGTCCCTGAGCGATTCAGTGGCAGCGGGTCTGGGACAGATTTCACTCTCACCATCAGCAGCCTGCAGGCTGAAGATGTGGCAGTTTATTAC,CQQYYNSPRTF,TGTCAGCAATATTACAATTCTCCTCGAACGTTC,GRGTKVEIK,GGCCGAGGGACCAAGGTGGAAATCAAAC,25628,11060,30,393,363,392,0,430,90,159,159,210,210,255,255,276,276,369,369,402,402,430
