cell_id	clone_id	sequence_id	sequence	sequence_aa	productive	rev_comp	v_call	v_cigar	d_call	d_cigar	j_call	j_cigar	c_call	c_cigar	sequence_alignment	germline_alignment	junction	junction_aa	junction_length	junction_aa_length	v_sequence_start	v_sequence_end	d_sequence_start	d_sequence_end	j_sequence_start	j_sequence_end	c_sequence_start	c_sequence_end	consensus_count	duplicate_count	is_cell
AATCGGTCACAACTGT-1	clonotype19	AATCGGTCACAACTGT-1_contig_1	GAGAAGCCTCACACAGCCCAGTAACTTTGCTAGTACCTCTTGAGTGCAAGGTGGAGAATTAAGATCTGGATTTGAGACGGAGCACGGAACATTTCACTCAGGGGAAGAGCTATGAACATGCTGACTGCCAGCCTGTTGAGGGCAGTCATAGCCTCCATCTGTGTTGTATCCAGCATGGCTCAGAAGGTAACTCAAGCGCAGACTGAAATTTCTGTGGTGGAGAAGGAGGATGTGACCTTGGACTGTGTGTATGAAACCCGTGATACTACTTATTACTTATTCTGGTACAAGCAACCACCAAGTGGAGAATTGGTTTTCCTTATTCGTCGGAACTCTTTTGATGAGCAAAATGAAATAAGTGGTCGGTATTCTTGGAACTTCCAGAAATCCACCAGTTCCTTCAACTTCACCATCACAGCCTCACAAGTCGTGGACTCAGCAGTATACTTCTGTGCTCTGAGTGAAGGGGGGACCGCAGGCTTTCAGAAACTTGTATTTGGAACTGGCACCCGACTTCTGGTCAGTCCAAATATCCAGAACCCTGACCCTGCCGTGTACCAGCTGAGAGACT	MLTASLLRAVIASICVVSSMAQKVTQAQTEISVVEKEDVTLDCVYETRDTTYYLFWYKQPPSGELVFLIRRNSFDEQNEISGRYSWNFQKSTSSFNFTITASQVVDSAVYFCALSEGGTAGFQKLVFGTGTRLLVSPNIQNPDPAVYQLRD	T	F	TRAV19	117S350M104S			TRAJ8	469S60M42S	TRAC	529S42M	GAGAAGCCTCACACAGCCCAGTAACTTTGCTAGTACCTCTTGAGTGCAAGGTGGAGAATTAAGATCTGGATTTGAGACGGAGCACGGAACATTTCACTCAGGGGAAGAGCTATGAACATGCTGACTGCCAGCCTGTTGAGGGCAGTCATAGCCTCCATCTGTGTTGTATCCAGCATGGCTCAGAAGGTAACTCAAGCGCAGACTGAAATTTCTGTGGTGGAGAAGGAGGATGTGACCTTGGACTGTGTGTATGAAACCCGTGATACTACTTATTACTTATTCTGGTACAAGCAACCACCAAGTGGAGAATTGGTTTTCCTTATTCGTCGGAACTCTTTTGATGAGCAAAATGAAATAAGTGGTCGGTATTCTTGGAACTTCCAGAAATCCACCAGTTCCTTCAACTTCACCATCACAGCCTCACAAGTCGTGGACTCAGCAGTATACTTCTGTGCTCTGAGTGAAGGGGGGACCGCAGGCTTTCAGAAACTTGTATTTGGAACTGGCACCCGACTTCTGGTCAGTCCAAATATCCAGAACCCTGACCCTGCCGTGTACCAGCTGAGAGACT	CAGAAGCCTCACACAGCCCAGTAACTTTGCTAGTACCTCTTGAGTGCAAGGTGGAGAATTAAGATCTGGATTTGAGACGGAGCACGGAACATTTCACTCAGGGGAAGAGCTATGAACATGCTGACTGCCAGCCTGTTGAGGGCAGTCATAGCCTCCATCTGTGTTGTATCCAGCATGGCTCAGAAGGTAACTCAAGCGCAGACTGAAATTTCTGTGGTGGAGAAGGAGGATGTGACCTTGGACTGTGTGTATGAAACCCGTGATACTACTTATTACTTATTCTGGTACAAGCAACCACCAAGTGGAGAATTGGTTTTCCTTATTCGTCGGAACTCTTTTGATGAGCAAAATGAAATAAGTGGTCGGTATTCTTGGAACTTCCAGAAATCCACCAGTTCCTTCAACTTCACCATCACAGCCTCACAAGTCGTGGACTCAGCAGTATACTTCTGTGCTCTGAGTGAGGCTGAACACAGGCTTTCAGAAACTTGTATTTGGAACTGGCACCTGACTTCTGGTCAGTCCAAATATCCAGAACCCTGACCCTGCCGTGTACCAGCTGAGAGACTCTAAATCCAGTGACAAGTCTGTCTGCCTATTCACCGATTTTGATTCTCAAACAAATGTGTCACAAAGTAAGGATTCTGATGTGTATATCACAGACAAAACTGTGCTAGACATGAGGTCTATGGACTTCAAGAGCAACAGTGCTGTGGCCTGGAGCAACAAATCTGACTTTGCATGTGCAAACGCCTTCAACAACAGCATTATTCCAGAAGACACCTTCTTCCCCAGCCCAGAAAGTTCCTGTGATGTCAAGCTGGTCGAGAAAAGCTTTGAAACAGATACGAACCTAAACTTTCAAAACCTGTCAGTGATTGGGTTCCGAATCCTCCTCCTGAAAGTGGCCGGGTTTAATCTGCTCATGACGCTGCGGCTGTGGTCCAGC	TGTGCTCTGAGTGAAGGGGGGACCGCAGGCTTTCAGAAACTTGTATTT	CALSEGGTAGFQKLVF	48	16	118	467			470	529	530	571	193	53	T
AATCGGTCACAACTGT-1	clonotype19	AATCGGTCACAACTGT-1_contig_2	GACGCCCTTGAAAGACGTGTTCCCTTTTCACCAATGCACAGACCCAGAGGACCCCTCCATCCTGCAGTTCCTGCCATGAGCCTCGGGCTCCTGTGCTGTGGGGCCTTTTCTCTCCTGTGGGCAGGTCCAGTGAATGCTGGTGTCACTCAGACCCCAAAATTCCGGGTCCTGAAGACAGGACAGAGCATGACACTGCTGTGTGCCCAGGATATGAACCATGAATACATGTACTGGTATCGACAAGACCCAGGCATGGGGCTGAGGCTGATTCATTACTCAGTTGGTGAGGGTACAACTGCCAAAGGAGAGGTCCCTGATGGCTACAATGTCTCCAGATTAAAAAAACAGAATTTCCTGCTGGGGTTGGAGTCGGCTGCTCCCTCCCAAACATCTGTGTACTTCTGTGCCAGCAGCTTCGACCCGTCTAGGGGGTCCTACAATGAGCAGTTCTTCGGGCCAGGGACACGGCTCACCGTGCTAGAGGACCTGAAAAACGTGTTCCCACCCGAGGTCGCTGTGTTTGAGCCATCAGA	MSLGLLCCGAFSLLWAGPVNAGVTQTPKFRVLKTGQSMTLLCAQDMNHEYMYWYRQDPGMGLRLIHYSVGEGTTAKGEVPDGYNVSRLKKQNFLLGLESAAPSQTSVYFCASSFDPSRGSYNEQFFGPGTRLTVLEDLKNVFPPEVAVFEPS	T	F	TRBV6-2	75S344M114S			TRBJ2-1	431S50M52S	TRBC2	481S52M	GACGCCCTTGAAAGACGTGTTCCCTTTTCACCAATGCACAGACCCAGAGGACCCCTCCATCCTGCAGTTCCTGCCATGAGCCTCGGGCTCCTGTGCTGTGGGGCCTTTTCTCTCCTGTGGGCAGGTCCAGTGAATGCTGGTGTCACTCAGACCCCAAAATTCCGGGTCCTGAAGACAGGACAGAGCATGACACTGCTGTGTGCCCAGGATATGAACCATGAATACATGTACTGGTATCGACAAGACCCAGGCATGGGGCTGAGGCTGATTCATTACTCAGTTGGTGAGGGTACAACTGCCAAAGGAGAGGTCCCTGATGGCTACAATGTCTCCAGATTAAAAAAACAGAATTTCCTGCTGGGGTTGGAGTCGGCTGCTCCCTCCCAAACATCTGTGTACTTCTGTGCCAGCAGCTTCGACCCGTCTAGGGGGTCCTACAATGAGCAGTTCTTCGGGCCAGGGACACGGCTCACCGTGCTAGAGGACCTGAAAAACGTGTTCCCACCCGAGGTCGCTGTGTTTGAGCCATCAGA	AGAATGACGCCCTTGAAAGACGTGTTCCCTTTTCACCAATGCACAGACCCAGAGGACCCCTCCATCCTGCAGTTCCTGCCATGAGCCTCGGGCTCCTGTGCTGTGGGGCCTTTTCTCTCCTGTGGGCAGGTCCAGTGAATGCTGGTGTCACTCAGACCCCAAAATTCCGGGTCCTGAAGACAGGACAGAGCATGACACTGCTGTGTGCCCAGGATATGAACCATGAATACATGTACTGGTATCGACAAGACCCAGGCATGGGGCTGAGGCTGATTCATTACTCAGTTGGTGAGGGTACAACTGCCAAAGGAGAGGTCCCTGATGGCTACAATGTCTCCAGATTAAAAAAACAGAATTTCCTGCTGGGGTTGGAGTCGGCTGCTCCCTCCCAAACATCTGTGTACTTCTGTGCCAGCAGTTACTCCTCCTACAATGAGCAGTTCTTCGGGCCAGGGACACGGCTCACCGTGCTAGAGGACCTGAAAAACGTGTTCCCACCCGAGGTCGCTGTGTTTGAGCCATCAGAAGCAGAGATCTCCCACACCCAAAAGGCCACACTGGTGTGCCTGGCCACAGGCTTCTACCCCGACCACGTGGAGCTGAGCTGGTGGGTGAATGGGAAGGAGGTGCACAGTGGGGTCAGCACAGACCCGCAGCCCCTCAAGGAGCAGCCCGCCCTCAATGACTCCAGATACTGCCTGAGCAGCCGCCTGAGGGTCTCGGCCACCTTCTGGCAGAACCCCCGCAACCACTTCCGCTGTCAAGTCCAGTTCTACGGGCTCTCGGAGAATGACGAGTGGACCCAGGATAGGGCCAAACCTGTCACCCAGATCGTCAGCGCCGAGGCCTGGGGTAGAGCAGACTGTGGCTTCACCTCCGAGTCTTACCAGCAAGGGGTCCTGTCTGCCACCATCCTCTATGAGATCTTGCTAGGGAAGGCCACCTTGTATGCCGTGCTGGTCAGTGCCCTCGTGCTGATGGCCATGGTCAAGAGAAAGGATTCCAGAGGC	TGTGCCAGCAGCTTCGACCCGTCTAGGGGGTCCTACAATGAGCAGTTCTTC	CASSFDPSRGSYNEQFF	51	17	76	419			432	481	482	533	323	60	T
ACACTGAAGAGCCCAA-1	clonotype18	ACACTGAAGAGCCCAA-1_contig_1	GACTGTGGGAACTGCTCTGTGGCGACAAGGACGTCCCTCATCCTCTGCTCCTGCTCACAGTGACCCTGATCTGGTAAAGCTCCCATCCTGCCCTGACCCTGCCATGGGCACCAGCCTCCTCTGCTGGATGGCCCTGTGTCTCCTGGGGGCAGATCACGCAGATACTGGAGTCTCCCAGGACCCCAGACACAAGATCACAAAGAGGGGACAGAATGTAACTTTCAGGTGTGATCCAATTTCTGAACACAACCGCCTTTATTGGTACCGACAGACCCTGGGGCAGGGCCCAGAGTTTCTGACTTACTTCCAGAATGAAGCTCAACTAGAAAAATCAAGGCTGCTCAGTGATCGGTTCTCTGCAGAGAGGCCTAAGGGATCTTTCTCCACCTTGGAGATCCAGCGCACAGAGCAGGGGGACTCGGCCATGTATCTCTGTGCCAGCAGCCAAGGGACTAGCGGGAGAACCGGGGAGCTGTTTTTTGGAGAAGGCTCTAGGCTGACCGTACTGGAGGACCTGAAAAACGTGTTCCCACCCGAGGTCGCTGTGTTTGAGCCATCAGA	MGTSLLCWMALCLLGADHADTGVSQDPRHKITKRGQNVTFRCDPISEHNRLYWYRQTLGQGPEFLTYFQNEAQLEKSRLLSDRFSAERPKGSFSTLEIQRTEQGDSAMYLCASSQGTSGRTGELFFGEGSRLTVLEDLKNVFPPEVAVFEPS	T	F	TRBV7-9	103S347M111S	TRBD2	448S16M97S	TRBJ2-2	458S51M52S	TRBC2	509S52M	GACTGTGGGAACTGCTCTGTGGCGACAAGGACGTCCCTCATCCTCTGCTCCTGCTCACAGTGACCCTGATCTGGTAAAGCTCCCATCCTGCCCTGACCCTGCCATGGGCACCAGCCTCCTCTGCTGGATGGCCCTGTGTCTCCTGGGGGCAGATCACGCAGATACTGGAGTCTCCCAGGACCCCAGACACAAGATCACAAAGAGGGGACAGAATGTAACTTTCAGGTGTGATCCAATTTCTGAACACAACCGCCTTTATTGGTACCGACAGACCCTGGGGCAGGGCCCAGAGTTTCTGACTTACTTCCAGAATGAAGCTCAACTAGAAAAATCAAGGCTGCTCAGTGATCGGTTCTCTGCAGAGAGGCCTAAGGGATCTTTCTCCACCTTGGAGATCCAGCGCACAGAGCAGGGGGACTCGGCCATGTATCTCTGTGCCAGCAGCCAAGGGACTAGCGGGAGAACCGGGGAGCTGTTTTTTGGAGAAGGCTCTAGGCTGACCGTACTGGAGGACCTGAAAAACGTGTTCCCACCCGAGGTCGCTGTGTTTGAGCCATCAGA	ATGGGCACCAGCCTCCTCTGCTGGATGGCCCTGTGTCTCCTGGGGGCAGATCACGCAGATACTGGAGTCTCCCAGGACCCCAGACACAAGATCACAAAGAGGGGACAGAATGTAACTTTCAGGTGTGATCCAATTTCTGAACACAACCGCCTTTATTGGTACCGACAGACCCTGGGGCAGGGCCCAGAGTTTCTGACTTACTTCCAGAATGAAGCTCAACTAGAAAAATCAAGGCTGCTCAGTGATCGGTTCTCTGCAGAGAGGCCTAAGGGATCTTTCTCCACCTTGGAGATCCAGCGCACAGAGCAGGGGGACTCGGCCATGTATCTCTGTGCCAGCAGCTTAGCGGGACTAGCGGGAGGGCGAACACCGGGGAGCTGTTTTTTGGAGAAGGCTCTAGGCTGACCGTACTGGAGGACCTGAAAAACGTGTTCCCACCCGAGGTCGCTGTGTTTGAGCCATCAGAAGCAGAGATCTCCCACACCCAAAAGGCCACACTGGTGTGCCTGGCCACAGGCTTCTACCCCGACCACGTGGAGCTGAGCTGGTGGGTGAATGGGAAGGAGGTGCACAGTGGGGTCAGCACAGACCCGCAGCCCCTCAAGGAGCAGCCCGCCCTCAATGACTCCAGATACTGCCTGAGCAGCCGCCTGAGGGTCTCGGCCACCTTCTGGCAGAACCCCCGCAACCACTTCCGCTGTCAAGTCCAGTTCTACGGGCTCTCGGAGAATGACGAGTGGACCCAGGATAGGGCCAAACCTGTCACCCAGATCGTCAGCGCCGAGGCCTGGGGTAGAGCAGACTGTGGCTTCACCTCCGAGTCTTACCAGCAAGGGGTCCTGTCTGCCACCATCCTCTATGAGATCTTGCTAGGGAAGGCCACCTTGTATGCCGTGCTGGTCAGTGCCCTCGTGCTGATGGCCATGGTCAAGAGAAAGGATTCCAGAGGC	TGTGCCAGCAGCCAAGGGACTAGCGGGAGAACCGGGGAGCTGTTTTTT	CASSQGTSGRTGELFF	48	16	104	450	449	464	459	509	510	561	115	18	T
AGATCTGGTAGCTGCC-1	clonotype6	AGATCTGGTAGCTGCC-1_contig_1	GAGTCTAAGTGACAGAAGGAATGGAGACCCTCTTGGGCCTGCTTATCCTTTGGCTGCAGCTGCAATGGGTGAGCAGCAAACAGGAGGTGACGCAGATTCCTGCAGCTCTGAGTGTCCCAGAAGGAGAAAACTTGGTTCTCAACTGCAGTTTCACTGATAGCGCTATTTACAACCTCCAGTGGTTTAGGCAGGACCCTGGGAAAGGTCTCACATCTCTGTTGCTTATTCAGTCAAGTCAGAGAGAGCAAACAAGTGGAAGACTTAATGCCTCGCTGGATAAATCATCAGGACGTAGTACTTTATACATTGCAGCTTCTCAGCCTGGTGACTCAGCCACCTACCTCTGTGCTGGGTTGGATAGCAGCTATAAATTGATCTTCGGGAGTGGGACCAGACTGCTGGTCAGGCCTGATATCCAGAACCCTGACCCTGCCGTGTACCAGCTGAGAGACT	METLLGLLILWLQLQWVSSKQEVTQIPAALSVPEGENLVLNCSFTDSAIYNLQWFRQDPGKGLTSLLLIQSSQREQTSGRLNASLDKSSGRSTLYIAASQPGDSATYLCAGLDSSYKLIFGSGTRLLVRPDIQNPDPAVYQLRD	T	F	TRAV21	20S336M97S			TRAJ12	351S60M42S	TRAC	411S42M	GAGTCTAAGTGACAGAAGGAATGGAGACCCTCTTGGGCCTGCTTATCCTTTGGCTGCAGCTGCAATGGGTGAGCAGCAAACAGGAGGTGACGCAGATTCCTGCAGCTCTGAGTGTCCCAGAAGGAGAAAACTTGGTTCTCAACTGCAGTTTCACTGATAGCGCTATTTACAACCTCCAGTGGTTTAGGCAGGACCCTGGGAAAGGTCTCACATCTCTGTTGCTTATTCAGTCAAGTCAGAGAGAGCAAACAAGTGGAAGACTTAATGCCTCGCTGGATAAATCATCAGGACGTAGTACTTTATACATTGCAGCTTCTCAGCCTGGTGACTCAGCCACCTACCTCTGTGCTGGGTTGGATAGCAGCTATAAATTGATCTTCGGGAGTGGGACCAGACTGCTGGTCAGGCCTGATATCCAGAACCCTGACCCTGCCGTGTACCAGCTGAGAGACT	ATGGAGACCCTCTTGGGCCTGCTTATCCTTTGGCTGCAGCTGCAATGGGTGAGCAGCAAACAGGAGGTGACGCAGATTCCTGCAGCTCTGAGTGTCCCAGAAGGAGAAAACTTGGTTCTCAACTGCAGTTTCACTGATAGCGCTATTTACAACCTCCAGTGGTTTAGGCAGGACCCTGGGAAAGGTCTCACATCTCTGTTGCTTATTCAGTCAAGTCAGAGAGAGCAAACAAGTGGAAGACTTAATGCCTCGCTGGATAAATCATCAGGACGTAGTACTTTATACATTGCAGCTTCTCAGCCTGGTGACTCAGCCACCTACCTCTGTGCTGTGAGGGGATGGATAGCAGCTATAAATTGATCTTCGGGAGTGGGACCAGACTGCTGGTCAGGCCTGATATCCAGAACCCTGACCCTGCCGTGTACCAGCTGAGAGACTCTAAATCCAGTGACAAGTCTGTCTGCCTATTCACCGATTTTGATTCTCAAACAAATGTGTCACAAAGTAAGGATTCTGATGTGTATATCACAGACAAAACTGTGCTAGACATGAGGTCTATGGACTTCAAGAGCAACAGTGCTGTGGCCTGGAGCAACAAATCTGACTTTGCATGTGCAAACGCCTTCAACAACAGCATTATTCCAGAAGACACCTTCTTCCCCAGCCCAGAAAGTTCCTGTGATGTCAAGCTGGTCGAGAAAAGCTTTGAAACAGATACGAACCTAAACTTTCAAAACCTGTCAGTGATTGGGTTCCGAATCCTCCTCCTGAAAGTGGCCGGGTTTAATCTGCTCATGACGCTGCGGCTGTGGTCCAGC	TGTGCTGGGTTGGATAGCAGCTATAAATTGATCTTC	CAGLDSSYKLIF	36	12	21	356			352	411	412	453	59	12	T
AGGTCATCATGGGACA-1	clonotype7	AGGTCATCATGGGACA-1_contig_1	AGAGGCCCCATCTCAGACCCGAGGCTAGCATGGGCTGCAGGCTGCTCTGCTGTGCGGTTCTCTGTCTCCTGGGAGCAGTTCCCATAGACACTGAAGTTACCCAGACACCAAAACACCTGGTCATGGGAATGACAAATAAGAAGTCTTTGAAATGTGAACAACATATGGGGCACAGGGCTATGTATTGGTACAAGCAGAAAGCTAAGAAGCCACCGGAGCTCATGTTTGTCTACAGCTATGAGAAACTCTCTATAAATGAAAGTGTGCCAAGTCGCTTCTCACCTGAATGCCCCAACAGCTCTCTCTTAAACCTTCACCTACACGCCCTGCAGCCAGAAGACTCAGCCCTGTATCTCTGCGCCAGCAGCCTTAGCGGGGCTGAGCAGTTCTTCGGGCCAGGGACACGGCTCACCGTGCTAGAGGACCTGAAAAACGTGTTCCCACCCGAGGTCGCTGTGTTTGAGCCATCAGA	MGCRLLCCAVLCLLGAVPIDTEVTQTPKHLVMGMTNKKSLKCEQHMGHRAMYWYKQKAKKPPELMFVYSYEKLSINESVPSRFSPECPNSSLLNLHLHALQPEDSALYLCASSLSGAEQFFGPGTRLTVLEDLKNVFPPEVAVFEPS	T	F	TRBV4-1	29S344M99S			TRBJ2-1	379S41M52S	TRBC2	420S52M	AGAGGCCCCATCTCAGACCCGAGGCTAGCATGGGCTGCAGGCTGCTCTGCTGTGCGGTTCTCTGTCTCCTGGGAGCAGTTCCCATAGACACTGAAGTTACCCAGACACCAAAACACCTGGTCATGGGAATGACAAATAAGAAGTCTTTGAAATGTGAACAACATATGGGGCACAGGGCTATGTATTGGTACAAGCAGAAAGCTAAGAAGCCACCGGAGCTCATGTTTGTCTACAGCTATGAGAAACTCTCTATAAATGAAAGTGTGCCAAGTCGCTTCTCACCTGAATGCCCCAACAGCTCTCTCTTAAACCTTCACCTACACGCCCTGCAGCCAGAAGACTCAGCCCTGTATCTCTGCGCCAGCAGCCTTAGCGGGGCTGAGCAGTTCTTCGGGCCAGGGACACGGCTCACCGTGCTAGAGGACCTGAAAAACGTGTTCCCACCCGAGGTCGCTGTGTTTGAGCCATCAGA	AGAGGCCCCATCTCAGACCCGAGGCTAGCATGGGCTGCAGGCTGCTCTGCTGTGCGGTTCTCTGTCTCCTGGGAGCAGTTCCCATAGACACTGAAGTTACCCAGACACCAAAACACCTGGTCATGGGAATGACAAATAAGAAGTCTTTGAAATGTGAACAACATATGGGGCACAGGGCTATGTATTGGTACAAGCAGAAAGCTAAGAAGCCACCGGAGCTCATGTTTGTCTACAGCTATGAGAAACTCTCTATAAATGAAAGTGTGCCAAGTCGCTTCTCACCTGAATGCCCCAACAGCTCTCTCTTAAACCTTCACCTACACGCCCTGCAGCCAGAAGACTCAGCCCTGTATCTCTGCGCCAGCAGCCAAGACTCCTACAATGAGCAGTTCTTCGGGCCAGGGACACGGCTCACCGTGCTAGAGGACCTGAAAAACGTGTTCCCACCCGAGGTCGCTGTGTTTGAGCCATCAGAAGCAGAGATCTCCCACACCCAAAAGGCCACACTGGTGTGCCTGGCCACAGGCTTCTACCCCGACCACGTGGAGCTGAGCTGGTGGGTGAATGGGAAGGAGGTGCACAGTGGGGTCAGCACAGACCCGCAGCCCCTCAAGGAGCAGCCCGCCCTCAATGACTCCAGATACTGCCTGAGCAGCCGCCTGAGGGTCTCGGCCACCTTCTGGCAGAACCCCCGCAACCACTTCCGCTGTCAAGTCCAGTTCTACGGGCTCTCGGAGAATGACGAGTGGACCCAGGATAGGGCCAAACCTGTCACCCAGATCGTCAGCGCCGAGGCCTGGGGTAGAGCAGACTGTGGCTTCACCTCCGAGTCTTACCAGCAAGGGGTCCTGTCTGCCACCATCCTCTATGAGATCTTGCTAGGGAAGGCCACCTTGTATGCCGTGCTGGTCAGTGCCCTCGTGCTGATGGCCATGGTCAAGAGAAAGGATTCCAGAGGC	TGCGCCAGCAGCCTTAGCGGGGCTGAGCAGTTCTTC	CASSLSGAEQFF	36	12	30	373			380	420	421	472	79	18	T
ATGCGATAGATCCCGC-1	clonotype5	ATGCGATAGATCCCGC-1_contig_1	GAGGCAGTGGTCACAACTCTCCCCAGAGAAGGTGGTGTGAGGCCATCACGGAAGATGCTGCTGCTTCTGCTGCTTCTGGGGCCAGGCTCCGGGCTTGGTGCTGTCGTCTCTCAACATCCGAGCTGGGTTATCTGTAAGAGTGGAACCTCTGTGAAGATCGAGTGCCGTTCCCTGGACTTTCAGGCCACAACTATGTTTTGGTATCGTCAGTTCCCGAAACAGAGTCTCATGCTGATGGCAACTTCCAATGAGGGCTCCAAGGCCACATACGAGCAAGGCGTCGAGAAGGACAAGTTTCTCATCAACCATGCAAGCCTGACCTTGTCCACTCTGACAGTGACCAGTGCCCATCCTGAAGACAGCAGCTTCTACATCTGCAGTGCTAGAGCACTAGCGGAAGGAGTCATGCAGTTCTTCGGGCCAGGGACACGGCTCACCGTGCTAGAGGACCTGAAAAACGTGTTCCCACCCGAGGTCGCTGTGTTTGAGCCATCAGA	MLLLLLLLGPGSGLGAVVSQHPSWVICKSGTSVKIECRSLDFQATTMFWYRQFPKQSLMLMATSNEGSKATYEQGVEKDKFLINHASLTLSTLTVTSAHPEDSSFYICSARALAEGVMQFFGPGTRLTVLEDLKNVFPPEVAVFEPS	T	F	TRBV20-1	54S335M108S			TRBJ2-1	407S38M52S	TRBC2	445S52M	GAGGCAGTGGTCACAACTCTCCCCAGAGAAGGTGGTGTGAGGCCATCACGGAAGATGCTGCTGCTTCTGCTGCTTCTGGGGCCAGGCTCCGGGCTTGGTGCTGTCGTCTCTCAACATCCGAGCTGGGTTATCTGTAAGAGTGGAACCTCTGTGAAGATCGAGTGCCGTTCCCTGGACTTTCAGGCCACAACTATGTTTTGGTATCGTCAGTTCCCGAAACAGAGTCTCATGCTGATGGCAACTTCCAATGAGGGCTCCAAGGCCACATACGAGCAAGGCGTCGAGAAGGACAAGTTTCTCATCAACCATGCAAGCCTGACCTTGTCCACTCTGACAGTGACCAGTGCCCATCCTGAAGACAGCAGCTTCTACATCTGCAGTGCTAGAGCACTAGCGGAAGGAGTCATGCAGTTCTTCGGGCCAGGGACACGGCTCACCGTGCTAGAGGACCTGAAAAACGTGTTCCCACCCGAGGTCGCTGTGTTTGAGCCATCAGA	GTCATCCCTCCTCGCTGGTGAATGGAGGCAGTGGTCACAACTCTCCCCAGAGAAGGTGGTGTGAGGCCATCACGGAAGATGCTGCTGCTTCTGCTGCTTCTGGGGCCAGGCTCCGGGCTTGGTGCTGTCGTCTCTCAACATCCGAGCTGGGTTATCTGTAAGAGTGGAACCTCTGTGAAGATCGAGTGCCGTTCCCTGGACTTTCAGGCCACAACTATGTTTTGGTATCGTCAGTTCCCGAAACAGAGTCTCATGCTGATGGCAACTTCCAATGAGGGCTCCAAGGCCACATACGAGCAAGGCGTCGAGAAGGACAAGTTTCTCATCAACCATGCAAGCCTGACCTTGTCCACTCTGACAGTGACCAGTGCCCATCCTGAAGACAGCAGCTTCTACATCTGCAGTGCTAGAGACTCCTACAATGAGCAGTTCTTCGGGCCAGGGACACGGCTCACCGTGCTAGAGGACCTGAAAAACGTGTTCCCACCCGAGGTCGCTGTGTTTGAGCCATCAGAAGCAGAGATCTCCCACACCCAAAAGGCCACACTGGTGTGCCTGGCCACAGGCTTCTACCCCGACCACGTGGAGCTGAGCTGGTGGGTGAATGGGAAGGAGGTGCACAGTGGGGTCAGCACAGACCCGCAGCCCCTCAAGGAGCAGCCCGCCCTCAATGACTCCAGATACTGCCTGAGCAGCCGCCTGAGGGTCTCGGCCACCTTCTGGCAGAACCCCCGCAACCACTTCCGCTGTCAAGTCCAGTTCTACGGGCTCTCGGAGAATGACGAGTGGACCCAGGATAGGGCCAAACCTGTCACCCAGATCGTCAGCGCCGAGGCCTGGGGTAGAGCAGACTGTGGCTTCACCTCCGAGTCTTACCAGCAAGGGGTCCTGTCTGCCACCATCCTCTATGAGATCTTGCTAGGGAAGGCCACCTTGTATGCCGTGCTGGTCAGTGCCCTCGTGCTGATGGCCATGGTCAAGAGAAAGGATTCCAGAGGC	TGCAGTGCTAGAGCACTAGCGGAAGGAGTCATGCAGTTCTTC	CSARALAEGVMQFF	42	14	55	389			408	445	446	497	129	32	T
ATTGGTGGTTTACTCT-1	clonotype12	ATTGGTGGTTTACTCT-1_contig_1	AGAGGCCCCATCTCAGACCCGAGGCTAGCATGGGCTGCAGGCTGCTCTGCTGTGCGGTTCTCTGTCTCCTGGGAGCGGTCCCCATGGAAACGGGAGTTACGCAGACACCAAGACACCTGGTCATGGGAATGACAAATAAGAAGTCTTTGAAATGTGAACAACATCTGGGTCATAACGCTATGTATTGGTACAAGCAAAGTGCTAAGAAGCCACTGGAGCTCATGTTTGTCTACAGTCTTGAAGAACGGGTTGAAAACAACAGTGTGCCAAGTCGCTTCTCACCTGAATGCCCCAACAGCTCTCACTTATTCCTTCACCTACACACCCTGCAGCCAGAAGACTCGGCCCTGTATCTCTGCGCCAGCAGCCCGACTAGCTATTACAATGAGCAGTTCTTCGGGCCAGGGACACGGCTCACCGTGCTAGAGGACCTGAAAAACGTGTTCCCACCCGAGGTCGCTGTGTTTGAGCCATCAGA	MGCRLLCCAVLCLLGAVPMETGVTQTPRHLVMGMTNKKSLKCEQHLGHNAMYWYKQSAKKPLELMFVYSLEERVENNSVPSRFSPECPNSSHLFLHLHTLQPEDSALYLCASSPTSYYNEQFFGPGTRLTVLEDLKNVFPPEVAVFEPS	T	F	TRBV4-3	29S344M105S			TRBJ2-1	376S50M52S	TRBC2	426S52M	AGAGGCCCCATCTCAGACCCGAGGCTAGCATGGGCTGCAGGCTGCTCTGCTGTGCGGTTCTCTGTCTCCTGGGAGCGGTCCCCATGGAAACGGGAGTTACGCAGACACCAAGACACCTGGTCATGGGAATGACAAATAAGAAGTCTTTGAAATGTGAACAACATCTGGGTCATAACGCTATGTATTGGTACAAGCAAAGTGCTAAGAAGCCACTGGAGCTCATGTTTGTCTACAGTCTTGAAGAACGGGTTGAAAACAACAGTGTGCCAAGTCGCTTCTCACCTGAATGCCCCAACAGCTCTCACTTATTCCTTCACCTACACACCCTGCAGCCAGAAGACTCGGCCCTGTATCTCTGCGCCAGCAGCCCGACTAGCTATTACAATGAGCAGTTCTTCGGGCCAGGGACACGGCTCACCGTGCTAGAGGACCTGAAAAACGTGTTCCCACCCGAGGTCGCTGTGTTTGAGCCATCAGA	AGGAGCAGTGACATCACAGGAAAAACCACCAACCAAGGCCAAGGAGACCAGAGCCCAGCACCTCACCCAGAGGACCCCAGTCAGAGGCCCCATCTCAGACCCGAGGCTAGCATGGGCTGCAGGCTGCTCTGCTGTGCGGTTCTCTGTCTCCTGGGAGCGGTCCCCATGGAAACGGGAGTTACGCAGACACCAAGACACCTGGTCATGGGAATGACAAATAAGAAGTCTTTGAAATGTGAACAACATCTGGGTCATAACGCTATGTATTGGTACAAGCAAAGTGCTAAGAAGCCACTGGAGCTCATGTTTGTCTACAGTCTTGAAGAACGGGTTGAAAACAACAGTGTGCCAAGTCGCTTCTCACCTGAATGCCCCAACAGCTCTCACTTATTCCTTCACCTACACACCCTGCAGCCAGAAGACTCGGCCCTGTATCTCTGCGCCAGCAGCCAAGACTCCTACAATGAGCAGTTCTTCGGGCCAGGGACACGGCTCACCGTGCTAGAGGACCTGAAAAACGTGTTCCCACCCGAGGTCGCTGTGTTTGAGCCATCAGAAGCAGAGATCTCCCACACCCAAAAGGCCACACTGGTGTGCCTGGCCACAGGCTTCTACCCCGACCACGTGGAGCTGAGCTGGTGGGTGAATGGGAAGGAGGTGCACAGTGGGGTCAGCACAGACCCGCAGCCCCTCAAGGAGCAGCCCGCCCTCAATGACTCCAGATACTGCCTGAGCAGCCGCCTGAGGGTCTCGGCCACCTTCTGGCAGAACCCCCGCAACCACTTCCGCTGTCAAGTCCAGTTCTACGGGCTCTCGGAGAATGACGAGTGGACCCAGGATAGGGCCAAACCTGTCACCCAGATCGTCAGCGCCGAGGCCTGGGGTAGAGCAGACTGTGGCTTCACCTCCGAGTCTTACCAGCAAGGGGTCCTGTCTGCCACCATCCTCTATGAGATCTTGCTAGGGAAGGCCACCTTGTATGCCGTGCTGGTCAGTGCCCTCGTGCTGATGGCCATGGTCAAGAGAAAGGATTCCAGAGGC	TGCGCCAGCAGCCCGACTAGCTATTACAATGAGCAGTTCTTC	CASSPTSYYNEQFF	42	14	30	373			377	426	427	478	110	19	T
CAGGTGCCAGGAACGT-1	clonotype3	CAGGTGCCAGGAACGT-1_contig_1	GAAGGAAAGATGAACTTGAGTTTCACTTCTTAGTGCCTTTTCTCAGGGGAGAGGCCATCACTTGAAGATGCTGAGTCTTCTGCTCCTTCTCCTGGGACTAGGCTCTGTGTTCAGTGCTGTCATCTCTCAAAAGCCAAGCAGGGATATCTGTCAACGTGGAACCTCCCTGACGATCCAGTGTCAAGTCGATAGCCAAGTCACCATGATGTTCTGGTACCGTCAGCAACCTGGACAGAGCCTGACACTGATCGCAACTGCAAATCAGGGCTCTGAGGCCACATATGAGAGTGGATTTGTCATTGACAAGTTTCCCATCAGCCGCCCAAACCTAACATTCTCAACTCTGACTGTGAGCAACATGAGCCCTGAAGACAGCAGCATATATCTCTGCAGCGTTGCGGAGACAGGAATTGTCTACGAGCAGTACTTCGGGCCGGGCACCAGGCTCACGGTCACAGAGGACCTGAAAAACGTGTTCCCACCCGAGGTCGCTGTGTTTGAGCCATCAGA	MLSLLLLLLGLGSVFSAVISQKPSRDICQRGTSLTIQCQVDSQVTMMFWYRQQPGQSLTLIATANQGSEATYESGFVIDKFPISRPNLTFSTLTVSNMSPEDSSIYLCSVAETGIVYEQYFGPGTRLTVTEDLKNVFPPEVAVFEPS	T	F	TRBV29-1	67S335M108S			TRBJ2-7	411S47M52S	TRBC2	458S52M	GAAGGAAAGATGAACTTGAGTTTCACTTCTTAGTGCCTTTTCTCAGGGGAGAGGCCATCACTTGAAGATGCTGAGTCTTCTGCTCCTTCTCCTGGGACTAGGCTCTGTGTTCAGTGCTGTCATCTCTCAAAAGCCAAGCAGGGATATCTGTCAACGTGGAACCTCCCTGACGATCCAGTGTCAAGTCGATAGCCAAGTCACCATGATGTTCTGGTACCGTCAGCAACCTGGACAGAGCCTGACACTGATCGCAACTGCAAATCAGGGCTCTGAGGCCACATATGAGAGTGGATTTGTCATTGACAAGTTTCCCATCAGCCGCCCAAACCTAACATTCTCAACTCTGACTGTGAGCAACATGAGCCCTGAAGACAGCAGCATATATCTCTGCAGCGTTGCGGAGACAGGAATTGTCTACGAGCAGTACTTCGGGCCGGGCACCAGGCTCACGGTCACAGAGGACCTGAAAAACGTGTTCCCACCCGAGGTCGCTGTGTTTGAGCCATCAGA	GAAGGAAAGATGAACTTGAGTTTCACTTCTTAGTGCCTTTTCTCAGGGGAGAGGCCATCACTTGAAGATGCTGAGTCTTCTGCTCCTTCTCCTGGGACTAGGCTCTGTGTTCAGTGCTGTCATCTCTCAAAAGCCAAGCAGGGATATCTGTCAACGTGGAACCTCCCTGACGATCCAGTGTCAAGTCGATAGCCAAGTCACCATGATGTTCTGGTACCGTCAGCAACCTGGACAGAGCCTGACACTGATCGCAACTGCAAATCAGGGCTCTGAGGCCACATATGAGAGTGGATTTGTCATTGACAAGTTTCCCATCAGCCGCCCAAACCTAACATTCTCAACTCTGACTGTGAGCAACATGAGCCCTGAAGACAGCAGCATATATCTCTGCAGCGTTGAAGACTCCTACGAGCAGTACTTCGGGCCGGGCACCAGGCTCACGGTCACAGAGGACCTGAAAAACGTGTTCCCACCCGAGGTCGCTGTGTTTGAGCCATCAGAAGCAGAGATCTCCCACACCCAAAAGGCCACACTGGTGTGCCTGGCCACAGGCTTCTACCCCGACCACGTGGAGCTGAGCTGGTGGGTGAATGGGAAGGAGGTGCACAGTGGGGTCAGCACAGACCCGCAGCCCCTCAAGGAGCAGCCCGCCCTCAATGACTCCAGATACTGCCTGAGCAGCCGCCTGAGGGTCTCGGCCACCTTCTGGCAGAACCCCCGCAACCACTTCCGCTGTCAAGTCCAGTTCTACGGGCTCTCGGAGAATGACGAGTGGACCCAGGATAGGGCCAAACCTGTCACCCAGATCGTCAGCGCCGAGGCCTGGGGTAGAGCAGACTGTGGCTTCACCTCCGAGTCTTACCAGCAAGGGGTCCTGTCTGCCACCATCCTCTATGAGATCTTGCTAGGGAAGGCCACCTTGTATGCCGTGCTGGTCAGTGCCCTCGTGCTGATGGCCATGGTCAAGAGAAAGGATTCCAGAGGC	TGCAGCGTTGCGGAGACAGGAATTGTCTACGAGCAGTACTTC	CSVAETGIVYEQYF	42	14	68	402			412	458	459	510	389	76	T
CAGTCCTAGTTTGCGT-1	clonotype13	CAGTCCTAGTTTGCGT-1_contig_1	GTTCCCCTATCACCGATGCACAGACCCAGAAGACCCCTCCATCCTGTAGCACCTGCCATGAGCATCGGGCTCCTGTGCTGTGTGGCCTTTTCTCTCCTGTGGGCAAGTCCAGTGAATGCTGGTGTCACTCAGACCCCAAAATTCCAGGTCCTGAAGACAGGACAGAGCATGACACTGCAGTGTGCCCAGGATATGAACCATAACTCCATGTACTGGTATCGACAAGACCCAGGCATGGGACTGAGGCTGATTTATTACTCAGCTTCTGAGGGTACCACTGACAAAGGAGAAGTCCCCAATGGCTACAATGTCTCCAGATTAAACAAACGGGAGTTCTCGCTCAGGCTGGAGTCGGCTGCTCCCTCCCAGACATCTGTGTACTTCTGTGCCAGCAGTGTTTCAAGGACAGATCAAGAGACCCAGTACTTCGGGCCAGGCACGCGGCTCCTGGTGCTCGAGGACCTGAAAAACGTGTTCCCACCCGAGGTCGCTGTGTTTGAGCCATCAGA	MSIGLLCCVAFSLLWASPVNAGVTQTPKFQVLKTGQSMTLQCAQDMNHNSMYWYRQDPGMGLRLIYYSASEGTTDKGEVPNGYNVSRLNKREFSLRLESAAPSQTSVYFCASSVSRTDQETQYFGPGTRLLVLEDLKNVFPPEVAVFEPS	T	F	TRBV6-1	57S344M108S			TRBJ2-5	409S48M52S	TRBC2	457S52M	GTTCCCCTATCACCGATGCACAGACCCAGAAGACCCCTCCATCCTGTAGCACCTGCCATGAGCATCGGGCTCCTGTGCTGTGTGGCCTTTTCTCTCCTGTGGGCAAGTCCAGTGAATGCTGGTGTCACTCAGACCCCAAAATTCCAGGTCCTGAAGACAGGACAGAGCATGACACTGCAGTGTGCCCAGGATATGAACCATAACTCCATGTACTGGTATCGACAAGACCCAGGCATGGGACTGAGGCTGATTTATTACTCAGCTTCTGAGGGTACCACTGACAAAGGAGAAGTCCCCAATGGCTACAATGTCTCCAGATTAAACAAACGGGAGTTCTCGCTCAGGCTGGAGTCGGCTGCTCCCTCCCAGACATCTGTGTACTTCTGTGCCAGCAGTGTTTCAAGGACAGATCAAGAGACCCAGTACTTCGGGCCAGGCACGCGGCTCCTGGTGCTCGAGGACCTGAAAAACGTGTTCCCACCCGAGGTCGCTGTGTTTGAGCCATCAGA	GTTCCCCTATCACCGATGCACAGACCCAGAAGACCCCTCCATCCTGTAGCACCTGCCATGAGCATCGGGCTCCTGTGCTGTGTGGCCTTTTCTCTCCTGTGGGCAAGTCCAGTGAATGCTGGTGTCACTCAGACCCCAAAATTCCAGGTCCTGAAGACAGGACAGAGCATGACACTGCAGTGTGCCCAGGATATGAACCATAACTCCATGTACTGGTATCGACAAGACCCAGGCATGGGACTGAGGCTGATTTATTACTCAGCTTCTGAGGGTACCACTGACAAAGGAGAAGTCCCCAATGGCTACAATGTCTCCAGATTAAACAAACGGGAGTTCTCGCTCAGGCTGGAGTCGGCTGCTCCCTCCCAGACATCTGTGTACTTCTGTGCCAGCAGTGAAGCACCAAGAGACCCAGTACTTCGGGCCAGGCACGCGGCTCCTGGTGCTCGAGGACCTGAAAAACGTGTTCCCACCCGAGGTCGCTGTGTTTGAGCCATCAGAAGCAGAGATCTCCCACACCCAAAAGGCCACACTGGTGTGCCTGGCCACAGGCTTCTACCCCGACCACGTGGAGCTGAGCTGGTGGGTGAATGGGAAGGAGGTGCACAGTGGGGTCAGCACAGACCCGCAGCCCCTCAAGGAGCAGCCCGCCCTCAATGACTCCAGATACTGCCTGAGCAGCCGCCTGAGGGTCTCGGCCACCTTCTGGCAGAACCCCCGCAACCACTTCCGCTGTCAAGTCCAGTTCTACGGGCTCTCGGAGAATGACGAGTGGACCCAGGATAGGGCCAAACCTGTCACCCAGATCGTCAGCGCCGAGGCCTGGGGTAGAGCAGACTGTGGCTTCACCTCCGAGTCTTACCAGCAAGGGGTCCTGTCTGCCACCATCCTCTATGAGATCTTGCTAGGGAAGGCCACCTTGTATGCCGTGCTGGTCAGTGCCCTCGTGCTGATGGCCATGGTCAAGAGAAAGGATTCCAGAGGC	TGTGCCAGCAGTGTTTCAAGGACAGATCAAGAGACCCAGTACTTC	CASSVSRTDQETQYF	45	15	58	401			410	457	458	509	76	18	T
CCACGGAAGGTCATCT-1	clonotype10	CCACGGAAGGTCATCT-1_contig_1	ATTCTTTCTTCAAAGCAGCCATGGGAATCAGGCTCCTCTGTCGTGTGGCCTTTTGTTTCCTGGCTGTAGGCCTCGTAGATGTGAAAGTAACCCAGAGCTCGAGATATCTAGTCAAAAGGACGGGAGAGAAAGTTTTTCTGGAATGTGTCCAGGATATGGACCATGAAAATATGTTCTGGTATCGACAAGACCCAGGTCTGGGGCTACGGCTGATCTATTTCTCATATGATGTTAAAATGAAAGAAAAAGGAGATATTCCTGAGGGGTACAGTGTCTCTAGAGAGAAGAAGGAGCGCTTCTCCCTGATTCTGGAGTCCGCCAGCACCAACCAGACATCTATGTACCTCTGTGCCAGCAGTTATCCCGGGAACCAAGAGACCCAGTACTTCGGGCCAGGCACGCGGCTCCTGGTGCTCGAGGACCTGAAAAACGTGTTCCCACCCGAGGTCGCTGTGTTTGAGCCATCAGA	MGIRLLCRVAFCFLAVGLVDVKVTQSSRYLVKRTGEKVFLECVQDMDHENMFWYRQDPGLGLRLIYFSYDVKMKEKGDIPEGYSVSREKKERFSLILESASTNQTSMYLCASSYPGNQETQYFGPGTRLLVLEDLKNVFPPEVAVFEPS	T	F	TRBV28	20S344M105S			TRBJ2-5	369S48M52S	TRBC2	417S52M	ATTCTTTCTTCAAAGCAGCCATGGGAATCAGGCTCCTCTGTCGTGTGGCCTTTTGTTTCCTGGCTGTAGGCCTCGTAGATGTGAAAGTAACCCAGAGCTCGAGATATCTAGTCAAAAGGACGGGAGAGAAAGTTTTTCTGGAATGTGTCCAGGATATGGACCATGAAAATATGTTCTGGTATCGACAAGACCCAGGTCTGGGGCTACGGCTGATCTATTTCTCATATGATGTTAAAATGAAAGAAAAAGGAGATATTCCTGAGGGGTACAGTGTCTCTAGAGAGAAGAAGGAGCGCTTCTCCCTGATTCTGGAGTCCGCCAGCACCAACCAGACATCTATGTACCTCTGTGCCAGCAGTTATCCCGGGAACCAAGAGACCCAGTACTTCGGGCCAGGCACGCGGCTCCTGGTGCTCGAGGACCTGAAAAACGTGTTCCCACCCGAGGTCGCTGTGTTTGAGCCATCAGA	ATTCTTTCTTCAAAGCAGCCATGGGAATCAGGCTCCTCTGTCGTGTGGCCTTTTGTTTCCTGGCTGTAGGCCTCGTAGATGTGAAAGTAACCCAGAGCTCGAGATATCTAGTCAAAAGGACGGGAGAGAAAGTTTTTCTGGAATGTGTCCAGGATATGGACCATGAAAATATGTTCTGGTATCGACAAGACCCAGGTCTGGGGCTACGGCTGATCTATTTCTCATATGATGTTAAAATGAAAGAAAAAGGAGATATTCCTGAGGGGTACAGTGTCTCTAGAGAGAAGAAGGAGCGCTTCTCCCTGATTCTGGAGTCCGCCAGCACCAACCAGACATCTATGTACCTCTGTGCCAGCAGTTTATGACCAAGAGACCCAGTACTTCGGGCCAGGCACGCGGCTCCTGGTGCTCGAGGACCTGAAAAACGTGTTCCCACCCGAGGTCGCTGTGTTTGAGCCATCAGAAGCAGAGATCTCCCACACCCAAAAGGCCACACTGGTGTGCCTGGCCACAGGCTTCTACCCCGACCACGTGGAGCTGAGCTGGTGGGTGAATGGGAAGGAGGTGCACAGTGGGGTCAGCACAGACCCGCAGCCCCTCAAGGAGCAGCCCGCCCTCAATGACTCCAGATACTGCCTGAGCAGCCGCCTGAGGGTCTCGGCCACCTTCTGGCAGAACCCCCGCAACCACTTCCGCTGTCAAGTCCAGTTCTACGGGCTCTCGGAGAATGACGAGTGGACCCAGGATAGGGCCAAACCTGTCACCCAGATCGTCAGCGCCGAGGCCTGGGGTAGAGCAGACTGTGGCTTCACCTCCGAGTCTTACCAGCAAGGGGTCCTGTCTGCCACCATCCTCTATGAGATCTTGCTAGGGAAGGCCACCTTGTATGCCGTGCTGGTCAGTGCCCTCGTGCTGATGGCCATGGTCAAGAGAAAGGATTCCAGAGGC	TGTGCCAGCAGTTATCCCGGGAACCAAGAGACCCAGTACTTC	CASSYPGNQETQYF	42	14	21	364			370	417	418	469	91	17	T
CGCTGGAGTGAGCGAT-1	clonotype15	CGCTGGAGTGAGCGAT-1_contig_1	ACCTGGAGCCCCCAGAACTGGCAGACACCTGCCTGATGCTGCCATGGGCCCCCAGCTCCTTGGCTATGTGGTCCTTTGCCTTCTAGGAGCAGGCCCCCTGGAAGCCCAAGTGACCCAGAACCCAAGATACCTCATCACAGTGACTGGAAAGAAGTTAACAGTGACTTGTTCTCAGAATATGAACCATGAGTATATGTCCTGGTATCGACAAGACCCAGGGCTGGGCTTAAGGCAGATCTACTATTCAATGAATGTTGAGGTGACTGATAAGGGAGATGTTCCTGAAGGGTACAAAGTCTCTCGAAAAGAGAAGAGGAATTTCCCCCTGATCCTGGAGTCGCCCAGCCCCAACCAGACCTCTCTGTACTTCTGTGCCAGCAGCCTCATACAGGGAACTAATGAAAAACTGTTTTTTGGCAGTGGAACCCAGCTCTCTGTCTTGGAGGACCTGAACAAGGTGTTCCCACCCGAGGTCGCTGTGTTTGAGCCATCAGA	MGPQLLGYVVLCLLGAGPLEAQVTQNPRYLITVTGKKLTVTCSQNMNHEYMSWYRQDPGLGLRQIYYSMNVEVTDKGDVPEGYKVSRKEKRNFPLILESPSPNQTSLYFCASSLIQGTNEKLFFGSGTQLSVLEDLNKVFPPEVAVFEPS	T	F	TRBV27	43S344M108S			TRBJ1-4	392S51M52S	TRBC1	443S52M	ACCTGGAGCCCCCAGAACTGGCAGACACCTGCCTGATGCTGCCATGGGCCCCCAGCTCCTTGGCTATGTGGTCCTTTGCCTTCTAGGAGCAGGCCCCCTGGAAGCCCAAGTGACCCAGAACCCAAGATACCTCATCACAGTGACTGGAAAGAAGTTAACAGTGACTTGTTCTCAGAATATGAACCATGAGTATATGTCCTGGTATCGACAAGACCCAGGGCTGGGCTTAAGGCAGATCTACTATTCAATGAATGTTGAGGTGACTGATAAGGGAGATGTTCCTGAAGGGTACAAAGTCTCTCGAAAAGAGAAGAGGAATTTCCCCCTGATCCTGGAGTCGCCCAGCCCCAACCAGACCTCTCTGTACTTCTGTGCCAGCAGCCTCATACAGGGAACTAATGAAAAACTGTTTTTTGGCAGTGGAACCCAGCTCTCTGTCTTGGAGGACCTGAACAAGGTGTTCCCACCCGAGGTCGCTGTGTTTGAGCCATCAGA	ACCTGGAGCCCCCAGAACTGGCAGACACCTGCCTGATGCTGCCATGGGCCCCCAGCTCCTTGGCTATGTGGTCCTTTGCCTTCTAGGAGCAGGCCCCCTGGAAGCCCAAGTGACCCAGAACCCAAGATACCTCATCACAGTGACTGGAAAGAAGTTAACAGTGACTTGTTCTCAGAATATGAACCATGAGTATATGTCCTGGTATCGACAAGACCCAGGGCTGGGCTTAAGGCAGATCTACTATTCAATGAATGTTGAGGTGACTGATAAGGGAGATGTTCCTGAAGGGTACAAAGTCTCTCGAAAAGAGAAGAGGAATTTCCCCCTGATCCTGGAGTCGCCCAGCCCCAACCAGACCTCTCTGTACTTCTGTGCCAGCAGTTTATCCAACTAATGAAAAACTGTTTTTTGGCAGTGGAACCCAGCTCTCTGTCTTGGAGGACCTGAACAAGGTGTTCCCACCCGAGGTCGCTGTGTTTGAGCCATCAGAAGCAGAGATCTCCCACACCCAAAAGGCCACACTGGTGTGCCTGGCCACAGGCTTCTTCCCTGACCACGTGGAGCTGAGCTGGTGGGTGAATGGGAAGGAGGTGCACAGTGGGGTCAGCACGGACCCGCAGCCCCTCAAGGAGCAGCCCGCCCTCAATGACTCCAGATACTGCCTGAGCAGCCGCCTGAGGGTCTCGGCCACCTTCTGGCAGAACCCCCGCAACCACTTCCGCTGTCAAGTCCAGTTCTACGGGCTCTCGGAGAATGACGAGTGGACCCAGGATAGGGCCAAACCCGTCACCCAGATCGTCAGCGCCGAGGCCTGGGGTAGAGCAGACTGTGGCTTTACCTCGGTGTCCTACCAGCAAGGGGTCCTGTCTGCCACCATCCTCTATGAGATCCTGCTAGGGAAGGCCACCCTGTATGCTGTGCTGGTCAGCGCCCTTGTGTTGATGGCCATGGTCAAGAGAAAGGATTTC	TGTGCCAGCAGCCTCATACAGGGAACTAATGAAAAACTGTTTTTT	CASSLIQGTNEKLFF	45	15	44	387			393	443	444	495	111	25	T
GCAATCACAGCTATTG-1	clonotype9	GCAATCACAGCTATTG-1_contig_1	GGTCACAACTCTCCCCAGAGAAGGTGGTGTGAGGCCATCACGGAAGATGCTGCTGCTTCTGCTGCTTCTGGGGCCAGGCTCCGGGCTTGGTGCTGTCGTCTCTCAACATCCGAGCTGGGTTATCTGTAAGAGTGGAACCTCTGTGAAGATCGAGTGCCGTTCCCTGGACTTTCAGGCCACAACTATGTTTTGGTATCGTCAGTTCCCGAAACAGAGTCTCATGCTGATGGCAACTTCCAATGAGGGCTCCAAGGCCACATACGAGCAAGGCGTCGAGAAGGACAAGTTTCTCATCAACCATGCAAGCCTGACCTTGTCCACTCTGACAGTGACCAGTGCCCATCCTGAAGACAGCAGCTTCTACATCTGCAGTGCTAGAGATCTGGGTCTAGCGGATAGCAATGAGCAGTTCTTCGGGCCAGGGACACGGCTCACCGTGCTAGAGGACCTGAAAAACGTGTTCCCACCCGAGGTCGCTGTGTTTGAGCCATCAGA	MLLLLLLLGPGSGLGAVVSQHPSWVICKSGTSVKIECRSLDFQATTMFWYRQFPKQSLMLMATSNEGSKATYEQGVEKDKFLINHASLTLSTLTVTSAHPEDSSFYICSARDLGLADSNEQFFGPGTRLTVLEDLKNVFPPEVAVFEPS	T	F	TRBV20-1	46S335M114S			TRBJ2-1	399S44M52S	TRBC2	443S52M	GGTCACAACTCTCCCCAGAGAAGGTGGTGTGAGGCCATCACGGAAGATGCTGCTGCTTCTGCTGCTTCTGGGGCCAGGCTCCGGGCTTGGTGCTGTCGTCTCTCAACATCCGAGCTGGGTTATCTGTAAGAGTGGAACCTCTGTGAAGATCGAGTGCCGTTCCCTGGACTTTCAGGCCACAACTATGTTTTGGTATCGTCAGTTCCCGAAACAGAGTCTCATGCTGATGGCAACTTCCAATGAGGGCTCCAAGGCCACATACGAGCAAGGCGTCGAGAAGGACAAGTTTCTCATCAACCATGCAAGCCTGACCTTGTCCACTCTGACAGTGACCAGTGCCCATCCTGAAGACAGCAGCTTCTACATCTGCAGTGCTAGAGATCTGGGTCTAGCGGATAGCAATGAGCAGTTCTTCGGGCCAGGGACACGGCTCACCGTGCTAGAGGACCTGAAAAACGTGTTCCCACCCGAGGTCGCTGTGTTTGAGCCATCAGA	GTCATCCCTCCTCGCTGGTGAATGGAGGCAGTGGTCACAACTCTCCCCAGAGAAGGTGGTGTGAGGCCATCACGGAAGATGCTGCTGCTTCTGCTGCTTCTGGGGCCAGGCTCCGGGCTTGGTGCTGTCGTCTCTCAACATCCGAGCTGGGTTATCTGTAAGAGTGGAACCTCTGTGAAGATCGAGTGCCGTTCCCTGGACTTTCAGGCCACAACTATGTTTTGGTATCGTCAGTTCCCGAAACAGAGTCTCATGCTGATGGCAACTTCCAATGAGGGCTCCAAGGCCACATACGAGCAAGGCGTCGAGAAGGACAAGTTTCTCATCAACCATGCAAGCCTGACCTTGTCCACTCTGACAGTGACCAGTGCCCATCCTGAAGACAGCAGCTTCTACATCTGCAGTGCTAGAGACTCCTACAATGAGCAGTTCTTCGGGCCAGGGACACGGCTCACCGTGCTAGAGGACCTGAAAAACGTGTTCCCACCCGAGGTCGCTGTGTTTGAGCCATCAGAAGCAGAGATCTCCCACACCCAAAAGGCCACACTGGTGTGCCTGGCCACAGGCTTCTACCCCGACCACGTGGAGCTGAGCTGGTGGGTGAATGGGAAGGAGGTGCACAGTGGGGTCAGCACAGACCCGCAGCCCCTCAAGGAGCAGCCCGCCCTCAATGACTCCAGATACTGCCTGAGCAGCCGCCTGAGGGTCTCGGCCACCTTCTGGCAGAACCCCCGCAACCACTTCCGCTGTCAAGTCCAGTTCTACGGGCTCTCGGAGAATGACGAGTGGACCCAGGATAGGGCCAAACCTGTCACCCAGATCGTCAGCGCCGAGGCCTGGGGTAGAGCAGACTGTGGCTTCACCTCCGAGTCTTACCAGCAAGGGGTCCTGTCTGCCACCATCCTCTATGAGATCTTGCTAGGGAAGGCCACCTTGTATGCCGTGCTGGTCAGTGCCCTCGTGCTGATGGCCATGGTCAAGAGAAAGGATTCCAGAGGC	TGCAGTGCTAGAGATCTGGGTCTAGCGGATAGCAATGAGCAGTTCTTC	CSARDLGLADSNEQFF	48	16	47	381			400	443	444	495	48	10	T
GCGACCATCCAAAGTC-1	clonotype11	GCGACCATCCAAAGTC-1_contig_1	ATGTTCACAGAGGGCCTGGTCTGGAATATTCCACATCTGCTCTCACTCTGCCATGGGCTCCTGGACCCTCTGCTGTGTGTCCCTTTGCATCCTGGTAGCAAAGCACACAGATGCTGGAGTTATCCAGTCACCCCGGCACGAGGTGACAGAGATGGGACAAGAAGTGACTCTGAGATGTAAACCAATTTCAGGACACGACTACCTTTTCTGGTACAGACAGACCATGATGCGGGGACTGGAGTTGCTCATTTACTTTAACAACAACGTTCCGATAGATGATTCAGGGATGCCCGAGGATCGATTCTCAGCTAAGATGCCTAATGCATCATTCTCCACTCTGAAGATCCAGCCCTCAGAACCCAGGGACTCAGCTGTGTACTTCTGTGCCAGCAGTGGAGGGGGAGGGAGCAAGGCTTTCTTTGGACAAGGCACCAGACTCACAGTTGTAGAGGACCTGAACAAGGTGTTCCCACCCGAGGTCGCTGTGTTTGAGCCATCAGA	MGSWTLCCVSLCILVAKHTDAGVIQSPRHEVTEMGQEVTLRCKPISGHDYLFWYRQTMMRGLELLIYFNNNVPIDDSGMPEDRFSAKMPNASFSTLKIQPSEPRDSAVYFCASSGGGGSKAFFGQGTRLTVVEDLNKVFPPEVAVFEPS	T	F	TRBV12-4	52S347M102S			TRBJ1-1	412S37M52S	TRBC1	449S52M	ATGTTCACAGAGGGCCTGGTCTGGAATATTCCACATCTGCTCTCACTCTGCCATGGGCTCCTGGACCCTCTGCTGTGTGTCCCTTTGCATCCTGGTAGCAAAGCACACAGATGCTGGAGTTATCCAGTCACCCCGGCACGAGGTGACAGAGATGGGACAAGAAGTGACTCTGAGATGTAAACCAATTTCAGGACACGACTACCTTTTCTGGTACAGACAGACCATGATGCGGGGACTGGAGTTGCTCATTTACTTTAACAACAACGTTCCGATAGATGATTCAGGGATGCCCGAGGATCGATTCTCAGCTAAGATGCCTAATGCATCATTCTCCACTCTGAAGATCCAGCCCTCAGAACCCAGGGACTCAGCTGTGTACTTCTGTGCCAGCAGTGGAGGGGGAGGGAGCAAGGCTTTCTTTGGACAAGGCACCAGACTCACAGTTGTAGAGGACCTGAACAAGGTGTTCCCACCCGAGGTCGCTGTGTTTGAGCCATCAGA	TTTGCTCATGTTCACAGAGGGCCTGGTCTGGAATATTCCACATCTGCTCTCACTCTGCCATGGGCTCCTGGACCCTCTGCTGTGTGTCCCTTTGCATCCTGGTAGCAAAGCACACAGATGCTGGAGTTATCCAGTCACCCCGGCACGAGGTGACAGAGATGGGACAAGAAGTGACTCTGAGATGTAAACCAATTTCAGGACACGACTACCTTTTCTGGTACAGACAGACCATGATGCGGGGACTGGAGTTGCTCATTTACTTTAACAACAACGTTCCGATAGATGATTCAGGGATGCCCGAGGATCGATTCTCAGCTAAGATGCCTAATGCATCATTCTCCACTCTGAAGATCCAGCCCTCAGAACCCAGGGACTCAGCTGTGTACTTCTGTGCCAGCAGTTTAGCTGAACACTGAAGCTTTCTTTGGACAAGGCACCAGACTCACAGTTGTAGAGGACCTGAACAAGGTGTTCCCACCCGAGGTCGCTGTGTTTGAGCCATCAGAAGCAGAGATCTCCCACACCCAAAAGGCCACACTGGTGTGCCTGGCCACAGGCTTCTTCCCTGACCACGTGGAGCTGAGCTGGTGGGTGAATGGGAAGGAGGTGCACAGTGGGGTCAGCACGGACCCGCAGCCCCTCAAGGAGCAGCCCGCCCTCAATGACTCCAGATACTGCCTGAGCAGCCGCCTGAGGGTCTCGGCCACCTTCTGGCAGAACCCCCGCAACCACTTCCGCTGTCAAGTCCAGTTCTACGGGCTCTCGGAGAATGACGAGTGGACCCAGGATAGGGCCAAACCCGTCACCCAGATCGTCAGCGCCGAGGCCTGGGGTAGAGCAGACTGTGGCTTTACCTCGGTGTCCTACCAGCAAGGGGTCCTGTCTGCCACCATCCTCTATGAGATCCTGCTAGGGAAGGCCACCCTGTATGCTGTGCTGGTCAGCGCCCTTGTGTTGATGGCCATGGTCAAGAGAAAGGATTTC	TGTGCCAGCAGTGGAGGGGGAGGGAGCAAGGCTTTCTTT	CASSGGGGSKAFF	39	13	53	399			413	449	450	501	173	38	T
GCTGCTTCAGTGGGAT-1	clonotype4	GCTGCTTCAGTGGGAT-1_contig_1	GCTGGTGAATGGAGGCAGTGGTCACAACTCTCCCCAGAGAAGGTGGTGTGAGGCCATCACGGAAGATGCTGCTGCTTCTGCTGCTTCTGGGGCCAGGCTCCGGGCTTGGTGCTGTCGTCTCTCAACATCCGAGCAGGGTTATCTGTAAGAGTGGAACCTCTGTGAAGATCGAGTGCCGTTCCCTGGACTTTCAGGCCACAACTATGTTTTGGTATCGTCAGTTCCCGAAACAGAGTCTCATGCTGATGGCAACTTCCAATGAGGGCTCCAAGGCCACATACGAGCAAGGCGTCGAGAAGGACAAGTTTCTCATCAACCATGCAAGCCTGACCTTGTCCACTCTGACAGTGACCAGTGCCCATCCTGAAGACAGCAGCTTCTACATCTGCAGTGCCAGCCGAGGGGGAGAGGGCGAGACCCAGTACTTCGGGCCAGGCACGCGGCTCCTGGTGCTCGAGGACCTGAAAAACGTGTTCCCACCCGAGGTCGCTGTGTTTGAGCCATCAGA	MLLLLLLLGPGSGLGAVVSQHPSRVICKSGTSVKIECRSLDFQATTMFWYRQFPKQSLMLMATSNEGSKATYEQGVEKDKFLINHASLTLSTLTVTSAHPEDSSFYICSASRGGEGETQYFGPGTRLLVLEDLKNVFPPEVAVFEPS	T	F	TRBV20-1	65S335M108S			TRBJ2-5	408S48M52S	TRBC2	456S52M	GCTGGTGAATGGAGGCAGTGGTCACAACTCTCCCCAGAGAAGGTGGTGTGAGGCCATCACGGAAGATGCTGCTGCTTCTGCTGCTTCTGGGGCCAGGCTCCGGGCTTGGTGCTGTCGTCTCTCAACATCCGAGCAGGGTTATCTGTAAGAGTGGAACCTCTGTGAAGATCGAGTGCCGTTCCCTGGACTTTCAGGCCACAACTATGTTTTGGTATCGTCAGTTCCCGAAACAGAGTCTCATGCTGATGGCAACTTCCAATGAGGGCTCCAAGGCCACATACGAGCAAGGCGTCGAGAAGGACAAGTTTCTCATCAACCATGCAAGCCTGACCTTGTCCACTCTGACAGTGACCAGTGCCCATCCTGAAGACAGCAGCTTCTACATCTGCAGTGCCAGCCGAGGGGGAGAGGGCGAGACCCAGTACTTCGGGCCAGGCACGCGGCTCCTGGTGCTCGAGGACCTGAAAAACGTGTTCCCACCCGAGGTCGCTGTGTTTGAGCCATCAGA	GTCATCCCTCCTCGCTGGTGAATGGAGGCAGTGGTCACAACTCTCCCCAGAGAAGGTGGTGTGAGGCCATCACGGAAGATGCTGCTGCTTCTGCTGCTTCTGGGGCCAGGCTCCGGGCTTGGTGCTGTCGTCTCTCAACATCCGAGCAGGGTTATCTGTAAGAGTGGAACCTCTGTGAAGATCGAGTGCCGTTCCCTGGACTTTCAGGCCACAACTATGTTTTGGTATCGTCAGTTCCCGAAACAGAGTCTCATGCTGATGGCAACTTCCAATGAGGGCTCCAAGGCCACATACGAGCAAGGCGTCGAGAAGGACAAGTTTCTCATCAACCATGCAAGCCTGACCTTGTCCACTCTGACAGTGACCAGTGCCCATCCTGAAGACAGCAGCTTCTACATCTGCAGTGCTAGAGAACCAAGAGACCCAGTACTTCGGGCCAGGCACGCGGCTCCTGGTGCTCGAGGACCTGAAAAACGTGTTCCCACCCGAGGTCGCTGTGTTTGAGCCATCAGAAGCAGAGATCTCCCACACCCAAAAGGCCACACTGGTGTGCCTGGCCACAGGCTTCTACCCCGACCACGTGGAGCTGAGCTGGTGGGTGAATGGGAAGGAGGTGCACAGTGGGGTCAGCACAGACCCGCAGCCCCTCAAGGAGCAGCCCGCCCTCAATGACTCCAGATACTGCCTGAGCAGCCGCCTGAGGGTCTCGGCCACCTTCTGGCAGAACCCCCGCAACCACTTCCGCTGTCAAGTCCAGTTCTACGGGCTCTCGGAGAATGACGAGTGGACCCAGGATAGGGCCAAACCTGTCACCCAGATCGTCAGCGCCGAGGCCTGGGGTAGAGCAGACTGTGGCTTCACCTCCGAGTCTTACCAGCAAGGGGTCCTGTCTGCCACCATCCTCTATGAGATCTTGCTAGGGAAGGCCACCTTGTATGCCGTGCTGGTCAGTGCCCTCGTGCTGATGGCCATGGTCAAGAGAAAGGATTCCAGAGGC	TGCAGTGCCAGCCGAGGGGGAGAGGGCGAGACCCAGTACTTC	CSASRGGEGETQYF	42	14	66	400			409	456	457	508	81	16	T
GGACAGAGTATAAACG-1	clonotype8	GGACAGAGTATAAACG-1_contig_1	GCAGACTACAGTGGCTCAGGAACCGGGGATGCAGTGCCAGGCTCATGGTATCCTGCAGCAGATGTGGGGAGCTTTCCTTCTCTATGTTTCCATGAAGATGGGAGGCACTGCAGGACAAAGCCTTGAGCAGCCCTCTGAAGTGACAGCTGTGGAAGGAGCCATTGTCCAGATAAACTGCACGTACCAGACATCTGGGTTTTATGGGCTGTCCTGGTACCAGCAACATGATGGCGGAGCACCCACATTTCTTTCTTACAATGGTCTGGATGGTTTGGAGGAGACAGGTCGTTTTTCTTCATTCCTTAGTCGCTCTGATAGTTATGGTTACCTCCTTCTACAGGAGCTCCAGATGAAAGACTCTGCCTCTTACTTCTGCGCTGTGAGTAGCAATGCCAGACTCATGTTTGGAGATGGAACTCAGCTGGTGGTGAAGCCCAATATCCAGAACCCTGACCCTGCCGTGTACCAGCTGAGAGACT	MWGAFLLYVSMKMGGTAGQSLEQPSEVTAVEGAIVQINCTYQTSGFYGLSWYQQHDGGAPTFLSYNGLDGLEETGRFSSFLSRSDSYGYLLLQELQMKDSASYFCAVSSNARLMFGDGTQLVVKPNIQNPDPAVYQLRD	T	F	TRAV1-1	61S326M92S			TRAJ31	380S57M42S	TRAC	437S42M	GCAGACTACAGTGGCTCAGGAACCGGGGATGCAGTGCCAGGCTCATGGTATCCTGCAGCAGATGTGGGGAGCTTTCCTTCTCTATGTTTCCATGAAGATGGGAGGCACTGCAGGACAAAGCCTTGAGCAGCCCTCTGAAGTGACAGCTGTGGAAGGAGCCATTGTCCAGATAAACTGCACGTACCAGACATCTGGGTTTTATGGGCTGTCCTGGTACCAGCAACATGATGGCGGAGCACCCACATTTCTTTCTTACAATGGTCTGGATGGTTTGGAGGAGACAGGTCGTTTTTCTTCATTCCTTAGTCGCTCTGATAGTTATGGTTACCTCCTTCTACAGGAGCTCCAGATGAAAGACTCTGCCTCTTACTTCTGCGCTGTGAGTAGCAATGCCAGACTCATGTTTGGAGATGGAACTCAGCTGGTGGTGAAGCCCAATATCCAGAACCCTGACCCTGCCGTGTACCAGCTGAGAGACT	CTTCTGCAGACTACAGTGGCTCAGGAACCGGGGATGCAGTGCCAGGCTCATGGTATCCTGCAGCAGATGTGGGGAGCTTTCCTTCTCTATGTTTCCATGAAGATGGGAGGCACTGCAGGACAAAGCCTTGAGCAGCCCTCTGAAGTGACAGCTGTGGAAGGAGCCATTGTCCAGATAAACTGCACGTACCAGACATCTGGGTTTTATGGGCTGTCCTGGTACCAGCAACATGATGGCGGAGCACCCACATTTCTTTCTTACAATGCTCTGGATGGTTTGGAGGAGACAGGTCGTTTTTCTTCATTCCTTAGTCGCTCTGATAGTTATGGTTACCTCCTTCTACAGGAGCTCCAGATGAAAGACTCTGCCTCTTACTTCTGCGCTGTGAGAGAGGAATAACAATGCCAGACTCATGTTTGGAGATGGAACTCAGCTGGTGGTGAAGCCCAATATCCAGAACCCTGACCCTGCCGTGTACCAGCTGAGAGACTCTAAATCCAGTGACAAGTCTGTCTGCCTATTCACCGATTTTGATTCTCAAACAAATGTGTCACAAAGTAAGGATTCTGATGTGTATATCACAGACAAAACTGTGCTAGACATGAGGTCTATGGACTTCAAGAGCAACAGTGCTGTGGCCTGGAGCAACAAATCTGACTTTGCATGTGCAAACGCCTTCAACAACAGCATTATTCCAGAAGACACCTTCTTCCCCAGCCCAGAAAGTTCCTGTGATGTCAAGCTGGTCGAGAAAAGCTTTGAAACAGATACGAACCTAAACTTTCAAAACCTGTCAGTGATTGGGTTCCGAATCCTCCTCCTGAAAGTGGCCGGGTTTAATCTGCTCATGACGCTGCGGCTGTGGTCCAGC	TGCGCTGTGAGTAGCAATGCCAGACTCATGTTT	CAVSSNARLMF	33	11	62	387			381	437	438	479	73	12	T
GGACAGAGTATAAACG-1	clonotype8	GGACAGAGTATAAACG-1_contig_2	TCCCTCCTCGCTGGTGAATGGAGGCAGTGGTCACAACTCTCCCCAGAGAAGGTGGTGTGAGGCCATCACGGAAGATGCTGCTGCTTCTGCTGCTTCTGGGGCCAGGCTCCGGGCTTGGTGCTGTCGTCTCTCAACATCCGAGCAGGGTTATCTGTAAGAGTGGAACCTCTGTGAAGATCGAGTGCCGTTCCCTGGACTTTCAGGCCACAACTATGTTTTGGTATCGTCAGTTCCCGAAACAGAGTCTCATGCTGATGGCAACTTCCAATGAGGGCTCCAAGGCCACATACGAGCAAGGCGTCGAGAAGGACAAGTTTCTCATCAACCATGCAAGCCTGACCTTGTCCACTCTGACAGTGACCAGTGCCCATCCTGAAGACAGCAGCTTCTACATCTGCAGTGCTAGAAGTCCCGGTAGCAATCAGCCCCAGCATTTTGGTGATGGGACTCGACTCTCCATCCTAGAGGACCTGAACAAGGTGTTCCCACCCGAGGTCGCTGTGTTTGAGCCATCAGA	MLLLLLLLGPGSGLGAVVSQHPSRVICKSGTSVKIECRSLDFQATTMFWYRQFPKQSLMLMATSNEGSKATYEQGVEKDKFLINHASLTLSTLTVTSAHPEDSSFYICSARSPGSNQPQHFGDGTRLSILEDLNKVFPPEVAVFEPS	T	F	TRBV20-1	74S335M108S			TRBJ1-5	415S50M52S	TRBC1	465S52M	TCCCTCCTCGCTGGTGAATGGAGGCAGTGGTCACAACTCTCCCCAGAGAAGGTGGTGTGAGGCCATCACGGAAGATGCTGCTGCTTCTGCTGCTTCTGGGGCCAGGCTCCGGGCTTGGTGCTGTCGTCTCTCAACATCCGAGCAGGGTTATCTGTAAGAGTGGAACCTCTGTGAAGATCGAGTGCCGTTCCCTGGACTTTCAGGCCACAACTATGTTTTGGTATCGTCAGTTCCCGAAACAGAGTCTCATGCTGATGGCAACTTCCAATGAGGGCTCCAAGGCCACATACGAGCAAGGCGTCGAGAAGGACAAGTTTCTCATCAACCATGCAAGCCTGACCTTGTCCACTCTGACAGTGACCAGTGCCCATCCTGAAGACAGCAGCTTCTACATCTGCAGTGCTAGAAGTCCCGGTAGCAATCAGCCCCAGCATTTTGGTGATGGGACTCGACTCTCCATCCTAGAGGACCTGAACAAGGTGTTCCCACCCGAGGTCGCTGTGTTTGAGCCATCAGA	GTCATCCCTCCTCGCTGGTGAATGGAGGCAGTGGTCACAACTCTCCCCAGAGAAGGTGGTGTGAGGCCATCACGGAAGATGCTGCTGCTTCTGCTGCTTCTGGGGCCAGGCTCCGGGCTTGGTGCTGTCGTCTCTCAACATCCGAGCAGGGTTATCTGTAAGAGTGGAACCTCTGTGAAGATCGAGTGCCGTTCCCTGGACTTTCAGGCCACAACTATGTTTTGGTATCGTCAGTTCCCGAAACAGAGTCTCATGCTGATGGCAACTTCCAATGAGGGCTCCAAGGCCACATACGAGCAAGGCGTCGAGAAGGACAAGTTTCTCATCAACCATGCAAGCCTGACCTTGTCCACTCTGACAGTGACCAGTGCCCATCCTGAAGACAGCAGCTTCTACATCTGCAGTGCTAGAGATAGCAATCAGCCCCAGCATTTTGGTGATGGGACTCGACTCTCCATCCTAGAGGACCTGAACAAGGTGTTCCCACCCGAGGTCGCTGTGTTTGAGCCATCAGAAGCAGAGATCTCCCACACCCAAAAGGCCACACTGGTGTGCCTGGCCACAGGCTTCTTCCCTGACCACGTGGAGCTGAGCTGGTGGGTGAATGGGAAGGAGGTGCACAGTGGGGTCAGCACGGACCCGCAGCCCCTCAAGGAGCAGCCCGCCCTCAATGACTCCAGATACTGCCTGAGCAGCCGCCTGAGGGTCTCGGCCACCTTCTGGCAGAACCCCCGCAACCACTTCCGCTGTCAAGTCCAGTTCTACGGGCTCTCGGAGAATGACGAGTGGACCCAGGATAGGGCCAAACCCGTCACCCAGATCGTCAGCGCCGAGGCCTGGGGTAGAGCAGACTGTGGCTTTACCTCGGTGTCCTACCAGCAAGGGGTCCTGTCTGCCACCATCCTCTATGAGATCCTGCTAGGGAAGGCCACCCTGTATGCTGTGCTGGTCAGCGCCCTTGTGTTGATGGCCATGGTCAAGAGAAAGGATTTC	TGCAGTGCTAGAAGTCCCGGTAGCAATCAGCCCCAGCATTTT	CSARSPGSNQPQHF	42	14	75	409			416	465	466	517	106	20	T
GGGCACTAGTCACGCC-1	clonotype17	GGGCACTAGTCACGCC-1_contig_1	GCTTCTTCAAAGCAGCCATGGGAATCAGGCTCCTCTGTCGTGTGGCCTTTTGTTTCCTGGCTGTAGGCCTCGTAGATGTGAAAGTAACCCAGAGCTCGAGATATCTAGTCAAAAGGACGGGAGAGAAAGTTTTTCTGGAATGTGTCCAGGATATGGACCATGAAAATATGTTCTGGTATCGACAAGACCCAGGTCTGGGGCTACGGCTGATCTATTTCTCATATGATGTTAAAATGAAAGAAAAAGGAGATATTCCTGAGGGGTACAGTGTCTCTAGAGAGAAGAAGGAGCGCTTCTCCCTGATTCTGGAGTCCGCCAGCACCAACCAGACATCTATGTACCTCTGTGCCAGCAGTGACATACTAGCGGGGGTGCGGTCCTACGAGCAGTACTTCGGGCCGGGCACCAGGCTCACGGTCACAGAGGACCTGAAAAACGTGTTCCCACCCGAGGTCGCTGTGTTTGAGCCATCAGA	MGIRLLCRVAFCFLAVGLVDVKVTQSSRYLVKRTGEKVFLECVQDMDHENMFWYRQDPGLGLRLIYFSYDVKMKEKGDIPEGYSVSREKKERFSLILESASTNQTSMYLCASSDILAGVRSYEQYFGPGTRLTVTEDLKNVFPPEVAVFEPS	T	F	TRBV28	17S344M114S			TRBJ2-7	376S47M52S	TRBC2	423S52M	GCTTCTTCAAAGCAGCCATGGGAATCAGGCTCCTCTGTCGTGTGGCCTTTTGTTTCCTGGCTGTAGGCCTCGTAGATGTGAAAGTAACCCAGAGCTCGAGATATCTAGTCAAAAGGACGGGAGAGAAAGTTTTTCTGGAATGTGTCCAGGATATGGACCATGAAAATATGTTCTGGTATCGACAAGACCCAGGTCTGGGGCTACGGCTGATCTATTTCTCATATGATGTTAAAATGAAAGAAAAAGGAGATATTCCTGAGGGGTACAGTGTCTCTAGAGAGAAGAAGGAGCGCTTCTCCCTGATTCTGGAGTCCGCCAGCACCAACCAGACATCTATGTACCTCTGTGCCAGCAGTGACATACTAGCGGGGGTGCGGTCCTACGAGCAGTACTTCGGGCCGGGCACCAGGCTCACGGTCACAGAGGACCTGAAAAACGTGTTCCCACCCGAGGTCGCTGTGTTTGAGCCATCAGA	ATGGGAATCAGGCTCCTCTGTCGTGTGGCCTTTTGTTTCCTGGCTGTAGGCCTCGTAGATGTGAAAGTAACCCAGAGCTCGAGATATCTAGTCAAAAGGACGGGAGAGAAAGTTTTTCTGGAATGTGTCCAGGATATGGACCATGAAAATATGTTCTGGTATCGACAAGACCCAGGTCTGGGGCTACGGCTGATCTATTTCTCATATGATGTTAAAATGAAAGAAAAAGGAGATATTCCTGAGGGGTACAGTGTCTCTAGAGAGAAGAAGGAGCGCTTCTCCCTGATTCTGGAGTCCGCCAGCACCAACCAGACATCTATGTACCTCTGTGCCAGCAGTTTATGCTCCTACGAGCAGTACTTCGGGCCGGGCACCAGGCTCACGGTCACAGAGGACCTGAAAAACGTGTTCCCACCCGAGGTCGCTGTGTTTGAGCCATCAGAAGCAGAGATCTCCCACACCCAAAAGGCCACACTGGTGTGCCTGGCCACAGGCTTCTACCCCGACCACGTGGAGCTGAGCTGGTGGGTGAATGGGAAGGAGGTGCACAGTGGGGTCAGCACAGACCCGCAGCCCCTCAAGGAGCAGCCCGCCCTCAATGACTCCAGATACTGCCTGAGCAGCCGCCTGAGGGTCTCGGCCACCTTCTGGCAGAACCCCCGCAACCACTTCCGCTGTCAAGTCCAGTTCTACGGGCTCTCGGAGAATGACGAGTGGACCCAGGATAGGGCCAAACCTGTCACCCAGATCGTCAGCGCCGAGGCCTGGGGTAGAGCAGACTGTGGCTTCACCTCCGAGTCTTACCAGCAAGGGGTCCTGTCTGCCACCATCCTCTATGAGATCTTGCTAGGGAAGGCCACCTTGTATGCCGTGCTGGTCAGTGCCCTCGTGCTGATGGCCATGGTCAAGAGAAAGGATTCCAGAGGC	TGTGCCAGCAGTGACATACTAGCGGGGGTGCGGTCCTACGAGCAGTACTTC	CASSDILAGVRSYEQYF	51	17	18	361			377	423	424	475	85	15	T
GGGTCTGCATGAGCGA-1	clonotype21	GGGTCTGCATGAGCGA-1_contig_1	GGGCTTTCTCACCCCAGGAGACCAGCAACCTGAGCAGGGAGATGCTTAGTCCTGACCTGCCTGACTCTGCCTGGAACACCAGGCTCCTCTGCCGTGTCATGCTTTGTCTCCTGGGAGCAGGTTCAGTGGCTGCTGGAGTCATCCAGTCCCCAAGACATCTGATCAAAGAAAAGAGGGAAACAGCCACTCTGAAATGCTATCCTATCCCTAGACACGACACTGTCTACTGGTACCAGCAGGGTCCAGGTCAGGACCCCCAGTTCCTCATTTCGTTTTATGAAAAGATGCAGAGCGATAAAGGAAGCATCCCTGATCGATTCTCAGCTCAACAGTTCAGTGACTATCATTCTGAACTGAACATGAGCTCCTTGGAGCTGGGGGACTCAGCCCTGTACTTCTGTGCCAGCAGCTCCGGCAGGGACTACGAGCAGTACTTCGGGCCGGGCACCAGGCTCACGGTCACAGAGGACCTGAAAAACGTGTTCCCACCCGAGGTCGCTGTGTTTGAGCCATCAGA	MLSPDLPDSAWNTRLLCRVMLCLLGAGSVAAGVIQSPRHLIKEKRETATLKCYPIPRHDTVYWYQQGPGQDPQFLISFYEKMQSDKGSIPDRFSAQQFSDYHSELNMSSLELGDSALYFCASSSGRDYEQYFGPGTRLTVTEDLKNVFPPEVAVFEPS	T	F	TRBV13	41S374M102S			TRBJ2-7	418S47M52S	TRBC2	465S52M	GGGCTTTCTCACCCCAGGAGACCAGCAACCTGAGCAGGGAGATGCTTAGTCCTGACCTGCCTGACTCTGCCTGGAACACCAGGCTCCTCTGCCGTGTCATGCTTTGTCTCCTGGGAGCAGGTTCAGTGGCTGCTGGAGTCATCCAGTCCCCAAGACATCTGATCAAAGAAAAGAGGGAAACAGCCACTCTGAAATGCTATCCTATCCCTAGACACGACACTGTCTACTGGTACCAGCAGGGTCCAGGTCAGGACCCCCAGTTCCTCATTTCGTTTTATGAAAAGATGCAGAGCGATAAAGGAAGCATCCCTGATCGATTCTCAGCTCAACAGTTCAGTGACTATCATTCTGAACTGAACATGAGCTCCTTGGAGCTGGGGGACTCAGCCCTGTACTTCTGTGCCAGCAGCTCCGGCAGGGACTACGAGCAGTACTTCGGGCCGGGCACCAGGCTCACGGTCACAGAGGACCTGAAAAACGTGTTCCCACCCGAGGTCGCTGTGTTTGAGCCATCAGA	ATGCTTAGTCCTGACCTGCCTGACTCTGCCTGGAACACCAGGCTCCTCTGCCGTGTCATGCTTTGTCTCCTGGGAGCAGGTTCAGTGGCTGCTGGAGTCATCCAGTCCCCAAGACATCTGATCAAAGAAAAGAGGGAAACAGCCACTCTGAAATGCTATCCTATCCCTAGACACGACACTGTCTACTGGTACCAGCAGGGTCCAGGTCAGGACCCCCAGTTCCTCATTTCGTTTTATGAAAAGATGCAGAGCGATAAAGGAAGCATCCCTGATCGATTCTCAGCTCAACAGTTCAGTGACTATCATTCTGAACTGAACATGAGCTCCTTGGAGCTGGGGGACTCAGCCCTGTACTTCTGTGCCAGCAGCTTAGGCTCCTACGAGCAGTACTTCGGGCCGGGCACCAGGCTCACGGTCACAGAGGACCTGAAAAACGTGTTCCCACCCGAGGTCGCTGTGTTTGAGCCATCAGAAGCAGAGATCTCCCACACCCAAAAGGCCACACTGGTGTGCCTGGCCACAGGCTTCTACCCCGACCACGTGGAGCTGAGCTGGTGGGTGAATGGGAAGGAGGTGCACAGTGGGGTCAGCACAGACCCGCAGCCCCTCAAGGAGCAGCCCGCCCTCAATGACTCCAGATACTGCCTGAGCAGCCGCCTGAGGGTCTCGGCCACCTTCTGGCAGAACCCCCGCAACCACTTCCGCTGTCAAGTCCAGTTCTACGGGCTCTCGGAGAATGACGAGTGGACCCAGGATAGGGCCAAACCTGTCACCCAGATCGTCAGCGCCGAGGCCTGGGGTAGAGCAGACTGTGGCTTCACCTCCGAGTCTTACCAGCAAGGGGTCCTGTCTGCCACCATCCTCTATGAGATCTTGCTAGGGAAGGCCACCTTGTATGCCGTGCTGGTCAGTGCCCTCGTGCTGATGGCCATGGTCAAGAGAAAGGATTCCAGAGGC	TGTGCCAGCAGCTCCGGCAGGGACTACGAGCAGTACTTC	CASSSGRDYEQYF	39	13	42	415			419	465	466	517	127	24	T
GTCACGGGTAGCTAAA-1	clonotype2	GTCACGGGTAGCTAAA-1_contig_1	CTGCTCCCCTTTCATCAATGCACAGATACAGAAGACCCCTCCGTCATGCAGCATCTGCCATGAGCATCGGCCTCCTGTGCTGTGCAGCCTTGTCTCTCCTGTGGGCAGGTCCAGTGAATGCTGGTGTCACTCAGACCCCAAAATTCCAGGTCCTGAAGACAGGACAGAGCATGACACTGCAGTGTGCCCAGGATATGAACCATGAATACATGTCCTGGTATCGACAAGACCCAGGCATGGGGCTGAGGCTGATTCATTACTCAGTTGGTGCTGGTATCACTGACCAAGGAGAAGTCCCCAATGGCTACAATGTCTCCAGATCAACCACAGAGGATTTCCCGCTCAGGCTGCTGTCGGCTGCTCCCTCCCAGACATCTGTGTACTTCTGTGCCAGCAGCCCCCAGGGGACTGAAGCTTTCTTTGGACAAGGCACCAGACTCACAGTTGTAGAGGACCTGAACAAGGTGTTCCCACCCGAGGTCGCTGTGTTTGAGCCATCAGA	MSIGLLCCAALSLLWAGPVNAGVTQTPKFQVLKTGQSMTLQCAQDMNHEYMSWYRQDPGMGLRLIHYSVGAGITDQGEVPNGYNVSRSTTEDFPLRLLSAAPSQTSVYFCASSPQGTEAFFGQGTRLTVVEDLNKVFPPEVAVFEPS	T	F	TRBV6-5	59S344M99S			TRBJ1-1	402S48M52S	TRBC1	450S52M	CTGCTCCCCTTTCATCAATGCACAGATACAGAAGACCCCTCCGTCATGCAGCATCTGCCATGAGCATCGGCCTCCTGTGCTGTGCAGCCTTGTCTCTCCTGTGGGCAGGTCCAGTGAATGCTGGTGTCACTCAGACCCCAAAATTCCAGGTCCTGAAGACAGGACAGAGCATGACACTGCAGTGTGCCCAGGATATGAACCATGAATACATGTCCTGGTATCGACAAGACCCAGGCATGGGGCTGAGGCTGATTCATTACTCAGTTGGTGCTGGTATCACTGACCAAGGAGAAGTCCCCAATGGCTACAATGTCTCCAGATCAACCACAGAGGATTTCCCGCTCAGGCTGCTGTCGGCTGCTCCCTCCCAGACATCTGTGTACTTCTGTGCCAGCAGCCCCCAGGGGACTGAAGCTTTCTTTGGACAAGGCACCAGACTCACAGTTGTAGAGGACCTGAACAAGGTGTTCCCACCCGAGGTCGCTGTGTTTGAGCCATCAGA	GAGAGTCCTGCTCCCCTTTCATCAATGCACAGATACAGAAGACCCCTCCGTCATGCAGCATCTGCCATGAGCATCGGCCTCCTGTGCTGTGCAGCCTTGTCTCTCCTGTGGGCAGGTCCAGTGAATGCTGGTGTCACTCAGACCCCAAAATTCCAGGTCCTGAAGACAGGACAGAGCATGACACTGCAGTGTGCCCAGGATATGAACCATGAATACATGTCCTGGTATCGACAAGACCCAGGCATGGGGCTGAGGCTGATTCATTACTCAGTTGGTGCTGGTATCACTGACCAAGGAGAAGTCCCCAATGGCTACAATGTCTCCAGATCAACCACAGAGGATTTCCCGCTCAGGCTGCTGTCGGCTGCTCCCTCCCAGACATCTGTGTACTTCTGTGCCAGCAGTTACTCTGAACACTGAAGCTTTCTTTGGACAAGGCACCAGACTCACAGTTGTAGAGGACCTGAACAAGGTGTTCCCACCCGAGGTCGCTGTGTTTGAGCCATCAGAAGCAGAGATCTCCCACACCCAAAAGGCCACACTGGTGTGCCTGGCCACAGGCTTCTTCCCTGACCACGTGGAGCTGAGCTGGTGGGTGAATGGGAAGGAGGTGCACAGTGGGGTCAGCACGGACCCGCAGCCCCTCAAGGAGCAGCCCGCCCTCAATGACTCCAGATACTGCCTGAGCAGCCGCCTGAGGGTCTCGGCCACCTTCTGGCAGAACCCCCGCAACCACTTCCGCTGTCAAGTCCAGTTCTACGGGCTCTCGGAGAATGACGAGTGGACCCAGGATAGGGCCAAACCCGTCACCCAGATCGTCAGCGCCGAGGCCTGGGGTAGAGCAGACTGTGGCTTTACCTCGGTGTCCTACCAGCAAGGGGTCCTGTCTGCCACCATCCTCTATGAGATCCTGCTAGGGAAGGCCACCCTGTATGCTGTGCTGGTCAGCGCCCTTGTGTTGATGGCCATGGTCAAGAGAAAGGATTTC	TGTGCCAGCAGCCCCCAGGGGACTGAAGCTTTCTTT	CASSPQGTEAFF	36	12	60	403			403	450	451	502	268	63	T
TCAGCAAGTAGGGACT-1	clonotype20	TCAGCAAGTAGGGACT-1_contig_1	ACAGTGATCCTGATCTGGTAAAGCTCCCATCCTGCCCTGACCCTGCCATGGGCACCAGGCTCCTCTTCTGGGTGGCCTTCTGTCTCCTGGGGGCAGATCACACAGGAGCTGGAGTCTCCCAGTCCCCCAGTAACAAGGTCACAGAGAAGGGAAAGGATGTAGAGCTCAGGTGTGATCCAATTTCAGGTCATACTGCCCTTTACTGGTACCGACAGAGCCTGGGGCAGGGCCTGGAGTTTTTAATTTACTTCCAAGGCAACAGTGCACCAGACAAATCAGGGCTGCCCAGTGATCGCTTCTCTGCAGAGAGGACTGGGGGATCCGTCTCCACTCTGACGATCCAGCGCACACAGCAGGAGGACTCGGCCGTGTATCTCTGTGCCAGCAGCTTAGTTAGCAGGGTATATTTCCTCCCTGCGGCCACTGAAGCTTTCTTTGGACAAGGCACCAGACTCACAGTTGTAGAGGACCTGAACAAGGTGTTCCCACCCGAGGTCGCTGTGTTTGAGCCATCAGA	MGTRLLFWVAFCLLGADHTGAGVSQSPSNKVTEKGKDVELRCDPISGHTALYWYRQSLGQGLEFLIYFQGNSAPDKSGLPSDRFSAERTGGSVSTLTIQRTQQEDSAVYLCASSLVSRVYFLPAATEAFFGQGTRLTVVEDLNKVFPPEVAVFEPS	T	F	TRBV7-2	47S347M123S			TRBJ1-1	417S48M52S	TRBC1	465S52M	ACAGTGATCCTGATCTGGTAAAGCTCCCATCCTGCCCTGACCCTGCCATGGGCACCAGGCTCCTCTTCTGGGTGGCCTTCTGTCTCCTGGGGGCAGATCACACAGGAGCTGGAGTCTCCCAGTCCCCCAGTAACAAGGTCACAGAGAAGGGAAAGGATGTAGAGCTCAGGTGTGATCCAATTTCAGGTCATACTGCCCTTTACTGGTACCGACAGAGCCTGGGGCAGGGCCTGGAGTTTTTAATTTACTTCCAAGGCAACAGTGCACCAGACAAATCAGGGCTGCCCAGTGATCGCTTCTCTGCAGAGAGGACTGGGGGATCCGTCTCCACTCTGACGATCCAGCGCACACAGCAGGAGGACTCGGCCGTGTATCTCTGTGCCAGCAGCTTAGTTAGCAGGGTATATTTCCTCCCTGCGGCCACTGAAGCTTTCTTTGGACAAGGCACCAGACTCACAGTTGTAGAGGACCTGAACAAGGTGTTCCCACCCGAGGTCGCTGTGTTTGAGCCATCAGA	ACAGTGATCCTGATCTGGTAAAGCTCCCATCCTGCCCTGACCCTGCCATGGGCACCAGGCTCCTCTTCTGGGTGGCCTTCTGTCTCCTGGGGGCAGATCACACAGGAGCTGGAGTCTCCCAGTCCCCCAGTAACAAGGTCACAGAGAAGGGAAAGGATGTAGAGCTCAGGTGTGATCCAATTTCAGGTCATACTGCCCTTTACTGGTACCGACAGAGCCTGGGGCAGGGCCTGGAGTTTTTAATTTACTTCCAAGGCAACAGTGCACCAGACAAATCAGGGCTGCCCAGTGATCGCTTCTCTGCAGAGAGGACTGGGGGATCCGTCTCCACTCTGACGATCCAGCGCACACAGCAGGAGGACTCGGCCGTGTATCTCTGTGCCAGCAGCTTAGCTGAACACTGAAGCTTTCTTTGGACAAGGCACCAGACTCACAGTTGTAGAGGACCTGAACAAGGTGTTCCCACCCGAGGTCGCTGTGTTTGAGCCATCAGAAGCAGAGATCTCCCACACCCAAAAGGCCACACTGGTGTGCCTGGCCACAGGCTTCTTCCCTGACCACGTGGAGCTGAGCTGGTGGGTGAATGGGAAGGAGGTGCACAGTGGGGTCAGCACGGACCCGCAGCCCCTCAAGGAGCAGCCCGCCCTCAATGACTCCAGATACTGCCTGAGCAGCCGCCTGAGGGTCTCGGCCACCTTCTGGCAGAACCCCCGCAACCACTTCCGCTGTCAAGTCCAGTTCTACGGGCTCTCGGAGAATGACGAGTGGACCCAGGATAGGGCCAAACCCGTCACCCAGATCGTCAGCGCCGAGGCCTGGGGTAGAGCAGACTGTGGCTTTACCTCGGTGTCCTACCAGCAAGGGGTCCTGTCTGCCACCATCCTCTATGAGATCCTGCTAGGGAAGGCCACCCTGTATGCTGTGCTGGTCAGCGCCCTTGTGTTGATGGCCATGGTCAAGAGAAAGGATTTC	TGTGCCAGCAGCTTAGTTAGCAGGGTATATTTCCTCCCTGCGGCCACTGAAGCTTTCTTT	CASSLVSRVYFLPAATEAFF	60	20	48	394			418	465	466	517	61	13	T
TGACTTTAGCCTATGT-1	clonotype16	TGACTTTAGCCTATGT-1_contig_1	TTCCTCTGCTCTGGCAGCAGATCTCCCAGAGGGAGCAGCCTGACCACATCACTGGCCCAGAAGAGGAGGCGTCTGTCCCCCAGACTAGCTGAAGGAAAGGCTGGCTTGGATGATGCTCTGCTCTCTCCTTGCCCTTCTCCTGGGCACTTTCTTTGGGGTCAGATCTCAGACTATTCATCAATGGCCAGCGACCCTGGTGCAGCCTGTGGGCAGCCCGCTCTCTCTGGAGTGCACTGTGGAGGGAACATCAAACCCCAACCTATACTGGTACCGACAGGCTGCAGGCAGGGGCCTCCAGCTGCTCTTCTACTCCGTTGGTATTGGCCAGATCAGCTCTGAGGTGCCCCAGAATCTCTCAGCCTCCAGACCCCAGGACCGGCAGTTCATCCTGAGTTCTAAGAAGCTCCTTCTCAGTGACTCTGGCTTCTATCTCTGTGCCTGGAGTGTACGATCTTCTACTGCGGGGTATTCACCCCTCCACTTTGGGAATGGGACCAGGCTCACTGTGACAGAGGACCTGAACAAGGTGTTCCCACCCGAGGTCGCTGTGTTTGAGCCATCAGA	MLCSLLALLLGTFFGVRSQTIHQWPATLVQPVGSPLSLECTVEGTSNPNLYWYRQAAGRGLQLLFYSVGIGQISSEVPQNLSASRPQDRQFILSSKKLLLSDSGFYLCAWSVRSSTAGYSPLHFGNGTRLTVTEDLNKVFPPEVAVFEPS	T	F	TRBV30	112S335M117S			TRBJ1-6	467S45M52S	TRBC1	512S52M	TTCCTCTGCTCTGGCAGCAGATCTCCCAGAGGGAGCAGCCTGACCACATCACTGGCCCAGAAGAGGAGGCGTCTGTCCCCCAGACTAGCTGAAGGAAAGGCTGGCTTGGATGATGCTCTGCTCTCTCCTTGCCCTTCTCCTGGGCACTTTCTTTGGGGTCAGATCTCAGACTATTCATCAATGGCCAGCGACCCTGGTGCAGCCTGTGGGCAGCCCGCTCTCTCTGGAGTGCACTGTGGAGGGAACATCAAACCCCAACCTATACTGGTACCGACAGGCTGCAGGCAGGGGCCTCCAGCTGCTCTTCTACTCCGTTGGTATTGGCCAGATCAGCTCTGAGGTGCCCCAGAATCTCTCAGCCTCCAGACCCCAGGACCGGCAGTTCATCCTGAGTTCTAAGAAGCTCCTTCTCAGTGACTCTGGCTTCTATCTCTGTGCCTGGAGTGTACGATCTTCTACTGCGGGGTATTCACCCCTCCACTTTGGGAATGGGACCAGGCTCACTGTGACAGAGGACCTGAACAAGGTGTTCCCACCCGAGGTCGCTGTGTTTGAGCCATCAGA	TTCCTCTGCTCTGGCAGCAGATCTCCCAGAGGGAGCAGCCTGACCACATCACTGGCCCAGAAGAGGAGGCGTCTGTCCCCCAGACTAGCTGAAGGAAAGGCTGGCTTGGATGATGCTCTGCTCTCTCCTTGCCCTTCTCCTGGGCACTTTCTTTGGGGTCAGATCTCAGACTATTCATCAATGGCCAGCGACCCTGGTGCAGCCTGTGGGCAGCCCGCTCTCTCTGGAGTGCACTGTGGAGGGAACATCAAACCCCAACCTATACTGGTACCGACAGGCTGCAGGCAGGGGCCTCCAGCTGCTCTTCTACTCCGTTGGTATTGGCCAGATCAGCTCTGAGGTGCCCCAGAATCTCTCAGCCTCCAGACCCCAGGACCGGCAGTTCATCCTGAGTTCTAAGAAGCTCCTTCTCAGTGACTCTGGCTTCTATCTCTGTGCCTGGAGTGTCTCCTATAATTCACCCCTCCACTTTGGGAATGGGACCAGGCTCACTGTGACAGAGGACCTGAACAAGGTGTTCCCACCCGAGGTCGCTGTGTTTGAGCCATCAGAAGCAGAGATCTCCCACACCCAAAAGGCCACACTGGTGTGCCTGGCCACAGGCTTCTTCCCTGACCACGTGGAGCTGAGCTGGTGGGTGAATGGGAAGGAGGTGCACAGTGGGGTCAGCACGGACCCGCAGCCCCTCAAGGAGCAGCCCGCCCTCAATGACTCCAGATACTGCCTGAGCAGCCGCCTGAGGGTCTCGGCCACCTTCTGGCAGAACCCCCGCAACCACTTCCGCTGTCAAGTCCAGTTCTACGGGCTCTCGGAGAATGACGAGTGGACCCAGGATAGGGCCAAACCCGTCACCCAGATCGTCAGCGCCGAGGCCTGGGGTAGAGCAGACTGTGGCTTTACCTCGGTGTCCTACCAGCAAGGGGTCCTGTCTGCCACCATCCTCTATGAGATCCTGCTAGGGAAGGCCACCCTGTATGCTGTGCTGGTCAGCGCCCTTGTGTTGATGGCCATGGTCAAGAGAAAGGATTTC	TGTGCCTGGAGTGTACGATCTTCTACTGCGGGGTATTCACCCCTCCACTTT	CAWSVRSSTAGYSPLHF	51	17	113	447			468	512	513	564	92	24	T
TGACTTTAGCCTATGT-1	clonotype16	TGACTTTAGCCTATGT-1_contig_2	TTCATGTTAAGGATCAAGACCATTATTTGGGTAACACACTAAAGATGAACTATTCTCCAGGCTTAGTATCTCTGATACTCTTACTGCTTGGAAGAACCCGTGGAAATTCAGTGACCCAGATGGAAGGGCCAGTGACTCTCTCAGAAGAGGCCTTCCTGACTATAAACTGCACGTACACAGCCACAGGATACCCTTCCCTTTTCTGGTATGTCCAATATCCTGGAGAAGGTCTACAGCTCCTCCTGAAAGCCACGAAGGCTGATGACAAGGGAAGCAACAAAGGTTTTGAAGCCACATACCGTAAAGAAACCACTTCTTTCCACTTGGAGAAAGGCTCAGTTCAAGTGTCAGACTCAGCGGTGTACTTCTGTGCTCTGAGTGTACCGGGAGCCCAGAAGCTGGTATTTGGCCAAGGAACCAGGCTGACTATCAACCCAAATATCCAGAACCCTGACCCTGCCGTGTACCAGCTGAGAGACT	MNYSPGLVSLILLLLGRTRGNSVTQMEGPVTLSEEAFLTINCTYTATGYPSLFWYVQYPGEGLQLLLKATKADDKGSNKGFEATYRKETTSFHLEKGSVQVSDSAVYFCALSVPGAQKLVFGQGTRLTINPNIQNPDPAVYQLRD	T	F	TRAV9-2	44S338M98S			TRAJ54	378S60M42S	TRAC	438S42M	TTCATGTTAAGGATCAAGACCATTATTTGGGTAACACACTAAAGATGAACTATTCTCCAGGCTTAGTATCTCTGATACTCTTACTGCTTGGAAGAACCCGTGGAAATTCAGTGACCCAGATGGAAGGGCCAGTGACTCTCTCAGAAGAGGCCTTCCTGACTATAAACTGCACGTACACAGCCACAGGATACCCTTCCCTTTTCTGGTATGTCCAATATCCTGGAGAAGGTCTACAGCTCCTCCTGAAAGCCACGAAGGCTGATGACAAGGGAAGCAACAAAGGTTTTGAAGCCACATACCGTAAAGAAACCACTTCTTTCCACTTGGAGAAAGGCTCAGTTCAAGTGTCAGACTCAGCGGTGTACTTCTGTGCTCTGAGTGTACCGGGAGCCCAGAAGCTGGTATTTGGCCAAGGAACCAGGCTGACTATCAACCCAAATATCCAGAACCCTGACCCTGCCGTGTACCAGCTGAGAGACT	CACTGTGATTTCTTCATGTTAAGGATCAAGACCATTATTTGGGTAACACACTAAAGATGAACTATTCTCCAGGCTTAGTATCTCTGATACTCTTACTGCTTGGAAGAACCCGTGGAGATTCAGTGACCCAGATGGAAGGGCCAGTGACTCTCTCAGAAGAGGCCTTCCTGACTATAAACTGCACGTACACAGCCACAGGATACCCTTCCCTTTTCTGGTATGTCCAATATCCTGGAGAAGGTCTACAGCTCCTCCTGAAAGCCACGAAGGCTGATGACAAGGGAAGCAACAAAGGTTTTGAAGCCACATACCGTAAAGAAACCACTTCTTTCCACTTGGAGAAAGGCTCAGTTCAAGTGTCAGACTCAGCGGTGTACTTCTGTGCTCTGAGTGATAATTCAGGGAGCCCAGAAGCTGGTATTTGGCCAAGGAACCAGGCTGACTATCAACCCAAATATCCAGAACCCTGACCCTGCCGTGTACCAGCTGAGAGACTCTAAATCCAGTGACAAGTCTGTCTGCCTATTCACCGATTTTGATTCTCAAACAAATGTGTCACAAAGTAAGGATTCTGATGTGTATATCACAGACAAAACTGTGCTAGACATGAGGTCTATGGACTTCAAGAGCAACAGTGCTGTGGCCTGGAGCAACAAATCTGACTTTGCATGTGCAAACGCCTTCAACAACAGCATTATTCCAGAAGACACCTTCTTCCCCAGCCCAGAAAGTTCCTGTGATGTCAAGCTGGTCGAGAAAAGCTTTGAAACAGATACGAACCTAAACTTTCAAAACCTGTCAGTGATTGGGTTCCGAATCCTCCTCCTGAAAGTGGCCGGGTTTAATCTGCTCATGACGCTGCGGCTGTGGTCCAGC	TGTGCTCTGAGTGTACCGGGAGCCCAGAAGCTGGTATTT	CALSVPGAQKLVF	39	13	45	382			379	438	439	480	52	13	T
TGGGCGTTCATATCGG-1	clonotype1	TGGGCGTTCATATCGG-1_contig_1	GGGACAGATTCTTTTTATGATTCCTAAAGTGGAAGAAATAAAGTATCTCTGCTATGTTCATTTCTTTTTGGATTGAAAATTTTAATCCTCAGTGAACCAGGGCAGAAAAGAATGATGATATCCTTGAGAGTTTTACTGGTGATCCTGTGGCTTCAGTTAAGCTGGGTTTGGAGCCAACGGAAGGAGGTGGAGCAGGATCCTGGACCCTTCAATGTTCCAGAGGGAGCCACTGTCGCTTTCAACTGTACTTACAGCAACAGTGCTTCTCAGTCTTTCTTCTGGTACAGACAGGATTGCAGGAAAGAACCTAAGTTGCTGATGTCCGTATACTCCAGTGGTAATGAAGATGGAAGGTTTACAGCACAGCTCAATAGAGCCAGCCAGTATATTTCCCTGCTCATCAGAGACTCCAAGCTCAGTGATTCAGCCACCTACCTCTGTGTGGTGAACACCGGTAACCAGTTCTATTTTGGGACAGGGACAAGTTTGACGGTCATTCCAAATATCCAGAACCCTGACCCTGCCGTGTACCAGCTGAGAGACT	MISLRVLLVILWLQLSWVWSQRKEVEQDPGPFNVPEGATVAFNCTYSNSASQSFFWYRQDCRKEPKLLMSVYSSGNEDGRFTAQLNRASQYISLLIRDSKLSDSATYLCVVNTGNQFYFGTGTSLTVIPNIQNPDPAVYQLRD	T	F	TRAV12-1	114S337M93S			TRAJ49	446S56M42S	TRAC	502S42M	GGGACAGATTCTTTTTATGATTCCTAAAGTGGAAGAAATAAAGTATCTCTGCTATGTTCATTTCTTTTTGGATTGAAAATTTTAATCCTCAGTGAACCAGGGCAGAAAAGAATGATGATATCCTTGAGAGTTTTACTGGTGATCCTGTGGCTTCAGTTAAGCTGGGTTTGGAGCCAACGGAAGGAGGTGGAGCAGGATCCTGGACCCTTCAATGTTCCAGAGGGAGCCACTGTCGCTTTCAACTGTACTTACAGCAACAGTGCTTCTCAGTCTTTCTTCTGGTACAGACAGGATTGCAGGAAAGAACCTAAGTTGCTGATGTCCGTATACTCCAGTGGTAATGAAGATGGAAGGTTTACAGCACAGCTCAATAGAGCCAGCCAGTATATTTCCCTGCTCATCAGAGACTCCAAGCTCAGTGATTCAGCCACCTACCTCTGTGTGGTGAACACCGGTAACCAGTTCTATTTTGGGACAGGGACAAGTTTGACGGTCATTCCAAATATCCAGAACCCTGACCCTGCCGTGTACCAGCTGAGAGACT	ATGATATCCTTGAGAGTTTTACTGGTGATCCTGTGGCTTCAGTTAAGCTGGGTTTGGAGCCAACGGAAGGAGGTGGAGCAGGATCCTGGACCCTTCAATGTTCCAGAGGGAGCCACTGTCGCTTTCAACTGTACTTACAGCAACAGTGCTTCTCAGTCTTTCTTCTGGTACAGACAGGATTGCAGGAAAGAACCTAAGTTGCTGATGTCCGTATACTCCAGTGGTAATGAAGATGGAAGGTTTACAGCACAGCTCAATAGAGCCAGCCAGTATATTTCCCTGCTCATCAGAGACTCCAAGCTCAGTGATTCAGCCACCTACCTCTGTGTGGTGAACAGAACACCGGTAACCAGTTCTATTTTGGGACAGGGACAAGTTTGACGGTCATTCCAAATATCCAGAACCCTGACCCTGCCGTGTACCAGCTGAGAGACTCTAAATCCAGTGACAAGTCTGTCTGCCTATTCACCGATTTTGATTCTCAAACAAATGTGTCACAAAGTAAGGATTCTGATGTGTATATCACAGACAAAACTGTGCTAGACATGAGGTCTATGGACTTCAAGAGCAACAGTGCTGTGGCCTGGAGCAACAAATCTGACTTTGCATGTGCAAACGCCTTCAACAACAGCATTATTCCAGAAGACACCTTCTTCCCCAGCCCAGAAAGTTCCTGTGATGTCAAGCTGGTCGAGAAAAGCTTTGAAACAGATACGAACCTAAACTTTCAAAACCTGTCAGTGATTGGGTTCCGAATCCTCCTCCTGAAAGTGGCCGGGTTTAATCTGCTCATGACGCTGCGGCTGTGGTCCAGC	TGTGTGGTGAACACCGGTAACCAGTTCTATTTT	CVVNTGNQFYF	33	11	115	451			447	502	503	544	56	12	T
TGTATTCTCTGACCTC-1	clonotype14	TGTATTCTCTGACCTC-1_contig_1	ACAGTGATCCTGATCTGGTAAAGCTCCCATCCTGCCCTGACCCTGCCATGGGCACCAGGCTCCTCTTCTGGGTGGCCTTCTGTCTCCTGGGGGCAGATCACACAGGAGCTGGAGTCTCCCAGTCCCCCAGTAACAAGGTCACAGAGAAGGGAAAGGATGTAGAGCTCAGGTGTGATCCAATTTCAGGTCATACTGCCCTTTACTGGTACCGACAGAGCCTGGGGCAGGGCCTGGAGTTTTTAATTTACTTCCAAGGCAACAGTGCACCAGACAAATCAGGGCTGCCCAGTGATCGCTTCTCTGCAGAGAGGACTGGGGGATCCGTCTCCACTCTGACGATCCAGCGCACACAGCAGGAGGACTCGGCCGTGTATCTCTGTGCCAGCAGCACCGATTGGGGGAACACTGAAGCTTTCTTTGGACAAGGCACCAGACTCACAGTTGTAGAGGACCTGAACAAGGTGTTCCCACCCGAGGTCGCTGTGTTTGAGCCATCAGA	MGTRLLFWVAFCLLGADHTGAGVSQSPSNKVTEKGKDVELRCDPISGHTALYWYRQSLGQGLEFLIYFQGNSAPDKSGLPSDRFSAERTGGSVSTLTIQRTQQEDSAVYLCASSTDWGNTEAFFGQGTRLTVVEDLNKVFPPEVAVFEPS	T	F	TRBV7-2	47S347M105S			TRBJ1-1	399S48M52S	TRBC1	447S52M	ACAGTGATCCTGATCTGGTAAAGCTCCCATCCTGCCCTGACCCTGCCATGGGCACCAGGCTCCTCTTCTGGGTGGCCTTCTGTCTCCTGGGGGCAGATCACACAGGAGCTGGAGTCTCCCAGTCCCCCAGTAACAAGGTCACAGAGAAGGGAAAGGATGTAGAGCTCAGGTGTGATCCAATTTCAGGTCATACTGCCCTTTACTGGTACCGACAGAGCCTGGGGCAGGGCCTGGAGTTTTTAATTTACTTCCAAGGCAACAGTGCACCAGACAAATCAGGGCTGCCCAGTGATCGCTTCTCTGCAGAGAGGACTGGGGGATCCGTCTCCACTCTGACGATCCAGCGCACACAGCAGGAGGACTCGGCCGTGTATCTCTGTGCCAGCAGCACCGATTGGGGGAACACTGAAGCTTTCTTTGGACAAGGCACCAGACTCACAGTTGTAGAGGACCTGAACAAGGTGTTCCCACCCGAGGTCGCTGTGTTTGAGCCATCAGA	ACAGTGATCCTGATCTGGTAAAGCTCCCATCCTGCCCTGACCCTGCCATGGGCACCAGGCTCCTCTTCTGGGTGGCCTTCTGTCTCCTGGGGGCAGATCACACAGGAGCTGGAGTCTCCCAGTCCCCCAGTAACAAGGTCACAGAGAAGGGAAAGGATGTAGAGCTCAGGTGTGATCCAATTTCAGGTCATACTGCCCTTTACTGGTACCGACAGAGCCTGGGGCAGGGCCTGGAGTTTTTAATTTACTTCCAAGGCAACAGTGCACCAGACAAATCAGGGCTGCCCAGTGATCGCTTCTCTGCAGAGAGGACTGGGGGATCCGTCTCCACTCTGACGATCCAGCGCACACAGCAGGAGGACTCGGCCGTGTATCTCTGTGCCAGCAGCTTAGCTGAACACTGAAGCTTTCTTTGGACAAGGCACCAGACTCACAGTTGTAGAGGACCTGAACAAGGTGTTCCCACCCGAGGTCGCTGTGTTTGAGCCATCAGAAGCAGAGATCTCCCACACCCAAAAGGCCACACTGGTGTGCCTGGCCACAGGCTTCTTCCCTGACCACGTGGAGCTGAGCTGGTGGGTGAATGGGAAGGAGGTGCACAGTGGGGTCAGCACGGACCCGCAGCCCCTCAAGGAGCAGCCCGCCCTCAATGACTCCAGATACTGCCTGAGCAGCCGCCTGAGGGTCTCGGCCACCTTCTGGCAGAACCCCCGCAACCACTTCCGCTGTCAAGTCCAGTTCTACGGGCTCTCGGAGAATGACGAGTGGACCCAGGATAGGGCCAAACCCGTCACCCAGATCGTCAGCGCCGAGGCCTGGGGTAGAGCAGACTGTGGCTTTACCTCGGTGTCCTACCAGCAAGGGGTCCTGTCTGCCACCATCCTCTATGAGATCCTGCTAGGGAAGGCCACCCTGTATGCTGTGCTGGTCAGCGCCCTTGTGTTGATGGCCATGGTCAAGAGAAAGGATTTC	TGTGCCAGCAGCACCGATTGGGGGAACACTGAAGCTTTCTTT	CASSTDWGNTEAFF	42	14	48	394			400	447	448	499	79	14	T
