barcode,is_cell,contig_id,high_confidence,length,chain,v_gene,d_gene,j_gene,c_gene,full_length,productive,fwr1,fwr1_nt,cdr1,cdr1_nt,fwr2,fwr2_nt,cdr2,cdr2_nt,fwr3,fwr3_nt,cdr3,cdr3_nt,fwr4,fwr4_nt,reads,umis,raw_clonotype_id,raw_consensus_id,exact_subclonotype_id
AATCGGTCACAACTGT-1,true,AATCGGTCACAACTGT-1_contig_1,true,571,TRA,TRAV19,,TRAJ8,TRAC,true,true,AQKVTQAQTEISVVEKEDVTLDCVYE,GCTCAGAAGGTAACTCAAGCGCAGACTGAAATTTCTGTGGTGGAGAAGGAGGATGTGACCTTGGACTGTGTGTATGAA,TRDTTYY,ACCCGTGATACTACTTATTAC,LFWYKQPPSGELVFLIR,TTATTCTGGTACAAGCAACCACCAAGTGGAGAATTGGTTTTCCTTATTCGT,RNSFDEQN,CGGAACTCTTTTGATGAGCAAAAT,EISGRYSWNFQKSTSSFNFTITASQVVDSAVYF,GAAATAAGTGGTCGGTATTCTTGGAACTTCCAGAAATCCACCAGTTCCTTCAACTTCACCATCACAGCCTCACAAGTCGTGGACTCAGCAGTATACTTC,CALSEGGTAGFQKLVF,TGTGCTCTGAGTGAAGGGGGGACCGCAGGCTTTCAGAAACTTGTATTT,GTGTRLLVSP,GGAACTGGCACCCGACTTCTGGTCAGTCCAA,193,53,clonotype19,clonotype19_consensus_2,1
AATCGGTCACAACTGT-1,true,AATCGGTCACAACTGT-1_contig_2,true,533,TRB,TRBV6-2,,TRBJ2-1,TRBC2,true,true,NAGVTQTPKFRVLKTGQSMTLLCAQD,AATGCTGGTGTCACTCAGACCCCAAAATTCCGGGTCCTGAAGACAGGACAGAGCATGACACTGCTGTGTGCCCAGGAT,MNHEY,ATGAACCATGAATAC,MYWYRQDPGMGLRLIHY,ATGTACTGGTATCGACAAGACCCAGGCATGGGGCTGAGGCTGATTCATTAC,SVGEGT,TCAGTTGGTGAGGGTACA,TAKGEVPDGYNVSRLKKQNFLLGLESAAPSQTSVYF,ACTGCCAAAGGAGAGGTCCCTGATGGCTACAATGTCTCCAGATTAAAAAAACAGAATTTCCTGCTGGGGTTGGAGTCGGCTGCTCCCTCCCAAACATCTGTGTACTTC,CASSFDPSRGSYNEQFF,TGTGCCAGCAGCTTCGACCCGTCTAGGGGGTCCTACAATGAGCAGTTCTTC,GPGTRLTVL,GGGCCAGGGACACGGCTCACCGTGCTAG,323,60,clonotype19,clonotype19_consensus_1,1
ACACTGAAGAGCCCAA-1,true,ACACTGAAGAGCCCAA-1_contig_1,true,561,TRB,TRBV7-9,TRBD2,TRBJ2-2,TRBC2,true,true,DTGVSQDPRHKITKRGQNVTFRCDPI,GATACTGGAGTCTCCCAGGACCCCAGACACAAGATCACAAAGAGGGGACAGAATGTAACTTTCAGGTGTGATCCAATT,SEHNR,TCTGAACACAACCGC,LYWYRQTLGQGPEFLTY,CTTTATTGGTACCGACAGACCCTGGGGCAGGGCCCAGAGTTTCTGACTTAC,FQNEAQ,TTCCAGAATGAAGCTCAA,LEKSRLLSDRFSAERPKGSFSTLEIQRTEQGDSAMYL,CTAGAAAAATCAAGGCTGCTCAGTGATCGGTTCTCTGCAGAGAGGCCTAAGGGATCTTTCTCCACCTTGGAGATCCAGCGCACAGAGCAGGGGGACTCGGCCATGTATCTC,CASSQGTSGRTGELFF,TGTGCCAGCAGCCAAGGGACTAGCGGGAGAACCGGGGAGCTGTTTTTT,GEGSRLTVL,GGAGAAGGCTCTAGGCTGACCGTACTGG,115,18,clonotype18,clonotype18_consensus_1,1
AGATCTGGTAGCTGCC-1,true,AGATCTGGTAGCTGCC-1_contig_1,true,453,TRA,TRAV21,,TRAJ12,TRAC,true,true,KQEVTQIPAALSVPEGENLVLNCSFT,AAACAGGAGGTGACGCAGATTCCTGCAGCTCTGAGTGTCCCAGAAGGAGAAAACTTGGTTCTCAACTGCAGTTTCACT,DSAIYN,GATAGCGCTATTTACAAC,LQWFRQDPGKGLTSLLL,CTCCAGTGGTTTAGGCAGGACCCTGGGAAAGGTCTCACATCTCTGTTGCTT,IQSSQRE,ATTCAGTCAAGTCAGAGAGAG,QTSGRLNASLDKSSGRSTLYIAASQPGDSATYL,CAAACAAGTGGAAGACTTAATGCCTCGCTGGATAAATCATCAGGACGTAGTACTTTATACATTGCAGCTTCTCAGCCTGGTGACTCAGCCACCTACCTC,CAGLDSSYKLIF,TGTGCTGGGTTGGATAGCAGCTATAAATTGATCTTC,GSGTRLLVRP,GGGAGTGGGACCAGACTGCTGGTCAGGCCTG,59,12,clonotype6,clonotype6_consensus_1,1
AGGTCATCATGGGACA-1,true,AGGTCATCATGGGACA-1_contig_1,true,472,TRB,TRBV4-1,,TRBJ2-1,TRBC2,true,true,DTEVTQTPKHLVMGMTNKKSLKCEQH,GACACTGAAGTTACCCAGACACCAAAACACCTGGTCATGGGAATGACAAATAAGAAGTCTTTGAAATGTGAACAACAT,MGHRA,ATGGGGCACAGGGCT,MYWYKQKAKKPPELMFV,ATGTATTGGTACAAGCAGAAAGCTAAGAAGCCACCGGAGCTCATGTTTGTC,YSYEKL,TACAGCTATGAGAAACTC,SINESVPSRFSPECPNSSLLNLHLHALQPEDSALYL,TCTATAAATGAAAGTGTGCCAAGTCGCTTCTCACCTGAATGCCCCAACAGCTCTCTCTTAAACCTTCACCTACACGCCCTGCAGCCAGAAGACTCAGCCCTGTATCTC,CASSLSGAEQFF,TGCGCCAGCAGCCTTAGCGGGGCTGAGCAGTTCTTC,GPGTRLTVL,GGGCCAGGGACACGGCTCACCGTGCTAG,79,18,clonotype7,clonotype7_consensus_1,1
ATGCGATAGATCCCGC-1,true,ATGCGATAGATCCCGC-1_contig_1,true,497,TRB,TRBV20-1,,TRBJ2-1,TRBC2,true,true,GAVVSQHPSWVICKSGTSVKIECRSL,GGTGCTGTCGTCTCTCAACATCCGAGCTGGGTTATCTGTAAGAGTGGAACCTCTGTGAAGATCGAGTGCCGTTCCCTG,DFQATT,GACTTTCAGGCCACAACT,MFWYRQFPKQSLMLMAT,ATGTTTTGGTATCGTCAGTTCCCGAAACAGAGTCTCATGCTGATGGCAACT,SNEGSKA,TCCAATGAGGGCTCCAAGGCC,TYEQGVEKDKFLINHASLTLSTLTVTSAHPEDSSFYI,ACATACGAGCAAGGCGTCGAGAAGGACAAGTTTCTCATCAACCATGCAAGCCTGACCTTGTCCACTCTGACAGTGACCAGTGCCCATCCTGAAGACAGCAGCTTCTACATC,CSARALAEGVMQFF,TGCAGTGCTAGAGCACTAGCGGAAGGAGTCATGCAGTTCTTC,GPGTRLTVL,GGGCCAGGGACACGGCTCACCGTGCTAG,129,32,clonotype5,clonotype5_consensus_1,1
ATTGGTGGTTTACTCT-1,true,ATTGGTGGTTTACTCT-1_contig_1,true,478,TRB,TRBV4-3,,TRBJ2-1,TRBC2,true,true,ETGVTQTPRHLVMGMTNKKSLKCEQH,GAAACGGGAGTTACGCAGACACCAAGACACCTGGTCATGGGAATGACAAATAAGAAGTCTTTGAAATGTGAACAACAT,LGHNA,CTGGGTCATAACGCT,MYWYKQSAKKPLELMFV,ATGTATTGGTACAAGCAAAGTGCTAAGAAGCCACTGGAGCTCATGTTTGTC,YSLEER,TACAGTCTTGAAGAACGG,VENNSVPSRFSPECPNSSHLFLHLHTLQPEDSALYL,GTTGAAAACAACAGTGTGCCAAGTCGCTTCTCACCTGAATGCCCCAACAGCTCTCACTTATTCCTTCACCTACACACCCTGCAGCCAGAAGACTCGGCCCTGTATCTC,CASSPTSYYNEQFF,TGCGCCAGCAGCCCGACTAGCTATTACAATGAGCAGTTCTTC,GPGTRLTVL,GGGCCAGGGACACGGCTCACCGTGCTAG,110,19,clonotype12,clonotype12_consensus_1,1
CAGGTGCCAGGAACGT-1,true,CAGGTGCCAGGAACGT-1_contig_1,true,510,TRB,TRBV29-1,,TRBJ2-7,TRBC2,true,true,SAVISQKPSRDICQRGTSLTIQCQVD,AGTGCTGTCATCTCTCAAAAGCCAAGCAGGGATATCTGTCAACGTGGAACCTCCCTGACGATCCAGTGTCAAGTCGAT,SQVTM,AGCCAAGTCACCATG,MFWYRQQPGQSLTLIAT,ATGTTCTGGTACCGTCAGCAACCTGGACAGAGCCTGACACTGATCGCAACT,ANQGSEA,GCAAATCAGGGCTCTGAGGCC,TYESGFVIDKFPISRPNLTFSTLTVSNMSPEDSSIYL,ACATATGAGAGTGGATTTGTCATTGACAAGTTTCCCATCAGCCGCCCAAACCTAACATTCTCAACTCTGACTGTGAGCAACATGAGCCCTGAAGACAGCAGCATATATCTC,CSVAETGIVYEQYF,TGCAGCGTTGCGGAGACAGGAATTGTCTACGAGCAGTACTTC,GPGTRLTVT,GGGCCGGGCACCAGGCTCACGGTCACAG,389,76,clonotype3,clonotype3_consensus_1,1
CAGTCCTAGTTTGCGT-1,true,CAGTCCTAGTTTGCGT-1_contig_1,true,509,TRB,TRBV6-1,,TRBJ2-5,TRBC2,true,true,NAGVTQTPKFQVLKTGQSMTLQCAQD,AATGCTGGTGTCACTCAGACCCCAAAATTCCAGGTCCTGAAGACAGGACAGAGCATGACACTGCAGTGTGCCCAGGAT,MNHNS,ATGAACCATAACTCC,MYWYRQDPGMGLRLIYY,ATGTACTGGTATCGACAAGACCCAGGCATGGGACTGAGGCTGATTTATTAC,SASEGT,TCAGCTTCTGAGGGTACC,TDKGEVPNGYNVSRLNKREFSLRLESAAPSQTSVYF,ACTGACAAAGGAGAAGTCCCCAATGGCTACAATGTCTCCAGATTAAACAAACGGGAGTTCTCGCTCAGGCTGGAGTCGGCTGCTCCCTCCCAGACATCTGTGTACTTC,CASSVSRTDQETQYF,TGTGCCAGCAGTGTTTCAAGGACAGATCAAGAGACCCAGTACTTC,GPGTRLLVL,GGGCCAGGCACGCGGCTCCTGGTGCTCG,76,18,clonotype13,clonotype13_consensus_1,1
CCACGGAAGGTCATCT-1,true,CCACGGAAGGTCATCT-1_contig_1,true,469,TRB,TRBV28,,TRBJ2-5,TRBC2,true,true,DVKVTQSSRYLVKRTGEKVFLECVQD,GATGTGAAAGTAACCCAGAGCTCGAGATATCTAGTCAAAAGGACGGGAGAGAAAGTTTTTCTGGAATGTGTCCAGGAT,MDHEN,ATGGACCATGAAAAT,MFWYRQDPGLGLRLIYF,ATGTTCTGGTATCGACAAGACCCAGGTCTGGGGCTACGGCTGATCTATTTC,SYDVKM,TCATATGATGTTAAAATG,KEKGDIPEGYSVSREKKERFSLILESASTNQTSMYL,AAAGAAAAAGGAGATATTCCTGAGGGGTACAGTGTCTCTAGAGAGAAGAAGGAGCGCTTCTCCCTGATTCTGGAGTCCGCCAGCACCAACCAGACATCTATGTACCTC,CASSYPGNQETQYF,TGTGCCAGCAGTTATCCCGGGAACCAAGAGACCCAGTACTTC,GPGTRLLVL,GGGCCAGGCACGCGGCTCCTGGTGCTCG,91,17,clonotype10,clonotype10_consensus_1,1
CGCTGGAGTGAGCGAT-1,true,CGCTGGAGTGAGCGAT-1_contig_1,true,495,TRB,TRBV27,,TRBJ1-4,TRBC1,true,true,EAQVTQNPRYLITVTGKKLTVTCSQN,GAAGCCCAAGTGACCCAGAACCCAAGATACCTCATCACAGTGACTGGAAAGAAGTTAACAGTGACTTGTTCTCAGAAT,MNHEY,ATGAACCATGAGTAT,MSWYRQDPGLGLRQIYY,ATGTCCTGGTATCGACAAGACCCAGGGCTGGGCTTAAGGCAGATCTACTAT,SMNVEV,TCAATGAATGTTGAGGTG,TDKGDVPEGYKVSRKEKRNFPLILESPSPNQTSLYF,ACTGATAAGGGAGATGTTCCTGAAGGGTACAAAGTCTCTCGAAAAGAGAAGAGGAATTTCCCCCTGATCCTGGAGTCGCCCAGCCCCAACCAGACCTCTCTGTACTTC,CASSLIQGTNEKLFF,TGTGCCAGCAGCCTCATACAGGGAACTAATGAAAAACTGTTTTTT,GSGTQLSVL,GGCAGTGGAACCCAGCTCTCTGTCTTGG,111,25,clonotype15,clonotype15_consensus_1,1
GCAATCACAGCTATTG-1,true,GCAATCACAGCTATTG-1_contig_1,true,495,TRB,TRBV20-1,,TRBJ2-1,TRBC2,true,true,GAVVSQHPSWVICKSGTSVKIECRSL,GGTGCTGTCGTCTCTCAACATCCGAGCTGGGTTATCTGTAAGAGTGGAACCTCTGTGAAGATCGAGTGCCGTTCCCTG,DFQATT,GACTTTCAGGCCACAACT,MFWYRQFPKQSLMLMAT,ATGTTTTGGTATCGTCAGTTCCCGAAACAGAGTCTCATGCTGATGGCAACT,SNEGSKA,TCCAATGAGGGCTCCAAGGCC,TYEQGVEKDKFLINHASLTLSTLTVTSAHPEDSSFYI,ACATACGAGCAAGGCGTCGAGAAGGACAAGTTTCTCATCAACCATGCAAGCCTGACCTTGTCCACTCTGACAGTGACCAGTGCCCATCCTGAAGACAGCAGCTTCTACATC,CSARDLGLADSNEQFF,TGCAGTGCTAGAGATCTGGGTCTAGCGGATAGCAATGAGCAGTTCTTC,GPGTRLTVL,GGGCCAGGGACACGGCTCACCGTGCTAG,48,10,clonotype9,clonotype9_consensus_1,1
GCGACCATCCAAAGTC-1,true,GCGACCATCCAAAGTC-1_contig_1,true,501,TRB,TRBV12-4,,TRBJ1-1,TRBC1,true,true,DAGVIQSPRHEVTEMGQEVTLRCKPI,GATGCTGGAGTTATCCAGTCACCCCGGCACGAGGTGACAGAGATGGGACAAGAAGTGACTCTGAGATGTAAACCAATT,SGHDY,TCAGGACACGACTAC,LFWYRQTMMRGLELLIY,CTTTTCTGGTACAGACAGACCATGATGCGGGGACTGGAGTTGCTCATTTAC,FNNNVP,TTTAACAACAACGTTCCG,IDDSGMPEDRFSAKMPNASFSTLKIQPSEPRDSAVYF,ATAGATGATTCAGGGATGCCCGAGGATCGATTCTCAGCTAAGATGCCTAATGCATCATTCTCCACTCTGAAGATCCAGCCCTCAGAACCCAGGGACTCAGCTGTGTACTTC,CASSGGGGSKAFF,TGTGCCAGCAGTGGAGGGGGAGGGAGCAAGGCTTTCTTT,GQGTRLTVV,GGACAAGGCACCAGACTCACAGTTGTAG,173,38,clonotype11,clonotype11_consensus_1,1
GCTGCTTCAGTGGGAT-1,true,GCTGCTTCAGTGGGAT-1_contig_1,true,508,TRB,TRBV20-1,,TRBJ2-5,TRBC2,true,true,GAVVSQHPSRVICKSGTSVKIECRSL,GGTGCTGTCGTCTCTCAACATCCGAGCAGGGTTATCTGTAAGAGTGGAACCTCTGTGAAGATCGAGTGCCGTTCCCTG,DFQATT,GACTTTCAGGCCACAACT,MFWYRQFPKQSLMLMAT,ATGTTTTGGTATCGTCAGTTCCCGAAACAGAGTCTCATGCTGATGGCAACT,SNEGSKA,TCCAATGAGGGCTCCAAGGCC,TYEQGVEKDKFLINHASLTLSTLTVTSAHPEDSSFYI,ACATACGAGCAAGGCGTCGAGAAGGACAAGTTTCTCATCAACCATGCAAGCCTGACCTTGTCCACTCTGACAGTGACCAGTGCCCATCCTGAAGACAGCAGCTTCTACATC,CSASRGGEGETQYF,TGCAGTGCCAGCCGAGGGGGAGAGGGCGAGACCCAGTACTTC,GPGTRLLVL,GGGCCAGGCACGCGGCTCCTGGTGCTCG,81,16,clonotype4,clonotype4_consensus_1,1
GGACAGAGTATAAACG-1,true,GGACAGAGTATAAACG-1_contig_1,true,479,TRA,TRAV1-1,,TRAJ31,TRAC,true,true,GQSLEQPSEVTAVEGAIVQINCTYQ,GGACAAAGCCTTGAGCAGCCCTCTGAAGTGACAGCTGTGGAAGGAGCCATTGTCCAGATAAACTGCACGTACCAG,TSGFYG,ACATCTGGGTTTTATGGG,LSWYQQHDGGAPTFLSY,CTGTCCTGGTACCAGCAACATGATGGCGGAGCACCCACATTTCTTTCTTAC,NGLDGL,AATGGTCTGGATGGTTTG,EETGRFSSFLSRSDSYGYLLLQELQMKDSASYF,GAGGAGACAGGTCGTTTTTCTTCATTCCTTAGTCGCTCTGATAGTTATGGTTACCTCCTTCTACAGGAGCTCCAGATGAAAGACTCTGCCTCTTACTTC,CAVSSNARLMF,TGCGCTGTGAGTAGCAATGCCAGACTCATGTTT,GDGTQLVVKP,GGAGATGGAACTCAGCTGGTGGTGAAGCCCA,73,12,clonotype8,clonotype8_consensus_2,1
GGACAGAGTATAAACG-1,true,GGACAGAGTATAAACG-1_contig_2,true,517,TRB,TRBV20-1,,TRBJ1-5,TRBC1,true,true,GAVVSQHPSRVICKSGTSVKIECRSL,GGTGCTGTCGTCTCTCAACATCCGAGCAGGGTTATCTGTAAGAGTGGAACCTCTGTGAAGATCGAGTGCCGTTCCCTG,DFQATT,GACTTTCAGGCCACAACT,MFWYRQFPKQSLMLMAT,ATGTTTTGGTATCGTCAGTTCCCGAAACAGAGTCTCATGCTGATGGCAACT,SNEGSKA,TCCAATGAGGGCTCCAAGGCC,TYEQGVEKDKFLINHASLTLSTLTVTSAHPEDSSFYI,ACATACGAGCAAGGCGTCGAGAAGGACAAGTTTCTCATCAACCATGCAAGCCTGACCTTGTCCACTCTGACAGTGACCAGTGCCCATCCTGAAGACAGCAGCTTCTACATC,CSARSPGSNQPQHF,TGCAGTGCTAGAAGTCCCGGTAGCAATCAGCCCCAGCATTTT,GDGTRLSIL,GGTGATGGGACTCGACTCTCCATCCTAG,106,20,clonotype8,clonotype8_consensus_1,1
GGGCACTAGTCACGCC-1,true,GGGCACTAGTCACGCC-1_contig_1,true,475,TRB,TRBV28,,TRBJ2-7,TRBC2,true,true,DVKVTQSSRYLVKRTGEKVFLECVQD,GATGTGAAAGTAACCCAGAGCTCGAGATATCTAGTCAAAAGGACGGGAGAGAAAGTTTTTCTGGAATGTGTCCAGGAT,MDHEN,ATGGACCATGAAAAT,MFWYRQDPGLGLRLIYF,ATGTTCTGGTATCGACAAGACCCAGGTCTGGGGCTACGGCTGATCTATTTC,SYDVKM,TCATATGATGTTAAAATG,KEKGDIPEGYSVSREKKERFSLILESASTNQTSMYL,AAAGAAAAAGGAGATATTCCTGAGGGGTACAGTGTCTCTAGAGAGAAGAAGGAGCGCTTCTCCCTGATTCTGGAGTCCGCCAGCACCAACCAGACATCTATGTACCTC,CASSDILAGVRSYEQYF,TGTGCCAGCAGTGACATACTAGCGGGGGTGCGGTCCTACGAGCAGTACTTC,GPGTRLTVT,GGGCCGGGCACCAGGCTCACGGTCACAG,85,15,clonotype17,clonotype17_consensus_1,1
GGGTCTGCATGAGCGA-1,true,GGGTCTGCATGAGCGA-1_contig_1,true,517,TRB,TRBV13,,TRBJ2-7,TRBC2,true,true,AAGVIQSPRHLIKEKRETATLKCYPI,GCTGCTGGAGTCATCCAGTCCCCAAGACATCTGATCAAAGAAAAGAGGGAAACAGCCACTCTGAAATGCTATCCTATC,PRHDT,CCTAGACACGACACT,VYWYQQGPGQDPQFLIS,GTCTACTGGTACCAGCAGGGTCCAGGTCAGGACCCCCAGTTCCTCATTTCG,FYEKMQ,TTTTATGAAAAGATGCAG,SDKGSIPDRFSAQQFSDYHSELNMSSLELGDSALYF,AGCGATAAAGGAAGCATCCCTGATCGATTCTCAGCTCAACAGTTCAGTGACTATCATTCTGAACTGAACATGAGCTCCTTGGAGCTGGGGGACTCAGCCCTGTACTTC,CASSSGRDYEQYF,TGTGCCAGCAGCTCCGGCAGGGACTACGAGCAGTACTTC,GPGTRLTVT,GGGCCGGGCACCAGGCTCACGGTCACAG,127,24,clonotype21,clonotype21_consensus_1,1
GTCACGGGTAGCTAAA-1,true,GTCACGGGTAGCTAAA-1_contig_1,true,502,TRB,TRBV6-5,,TRBJ1-1,TRBC1,true,true,NAGVTQTPKFQVLKTGQSMTLQCAQD,AATGCTGGTGTCACTCAGACCCCAAAATTCCAGGTCCTGAAGACAGGACAGAGCATGACACTGCAGTGTGCCCAGGAT,MNHEY,ATGAACCATGAATAC,MSWYRQDPGMGLRLIHY,ATGTCCTGGTATCGACAAGACCCAGGCATGGGGCTGAGGCTGATTCATTAC,SVGAGI,TCAGTTGGTGCTGGTATC,TDQGEVPNGYNVSRSTTEDFPLRLLSAAPSQTSVYF,ACTGACCAAGGAGAAGTCCCCAATGGCTACAATGTCTCCAGATCAACCACAGAGGATTTCCCGCTCAGGCTGCTGTCGGCTGCTCCCTCCCAGACATCTGTGTACTTC,CASSPQGTEAFF,TGTGCCAGCAGCCCCCAGGGGACTGAAGCTTTCTTT,GQGTRLTVV,GGACAAGGCACCAGACTCACAGTTGTAG,268,63,clonotype2,clonotype2_consensus_1,1
TCAGCAAGTAGGGACT-1,true,TCAGCAAGTAGGGACT-1_contig_1,true,517,TRB,TRBV7-2,,TRBJ1-1,TRBC1,true,true,GAGVSQSPSNKVTEKGKDVELRCDPI,GGAGCTGGAGTCTCCCAGTCCCCCAGTAACAAGGTCACAGAGAAGGGAAAGGATGTAGAGCTCAGGTGTGATCCAATT,SGHTA,TCAGGTCATACTGCC,LYWYRQSLGQGLEFLIY,CTTTACTGGTACCGACAGAGCCTGGGGCAGGGCCTGGAGTTTTTAATTTAC,FQGNSA,TTCCAAGGCAACAGTGCA,PDKSGLPSDRFSAERTGGSVSTLTIQRTQQEDSAVYL,CCAGACAAATCAGGGCTGCCCAGTGATCGCTTCTCTGCAGAGAGGACTGGGGGATCCGTCTCCACTCTGACGATCCAGCGCACACAGCAGGAGGACTCGGCCGTGTATCTC,CASSLVSRVYFLPAATEAFF,TGTGCCAGCAGCTTAGTTAGCAGGGTATATTTCCTCCCTGCGGCCACTGAAGCTTTCTTT,GQGTRLTVV,GGACAAGGCACCAGACTCACAGTTGTAG,61,13,clonotype20,clonotype20_consensus_1,1
TGACTTTAGCCTATGT-1,true,TGACTTTAGCCTATGT-1_contig_1,true,564,TRB,TRBV30,,TRBJ1-6,TRBC1,true,true,SQTIHQWPATLVQPVGSPLSLECTVE,TCTCAGACTATTCATCAATGGCCAGCGACCCTGGTGCAGCCTGTGGGCAGCCCGCTCTCTCTGGAGTGCACTGTGGAG,GTSNPN,GGAACATCAAACCCCAAC,LYWYRQAAGRGLQLLFY,CTATACTGGTACCGACAGGCTGCAGGCAGGGGCCTCCAGCTGCTCTTCTAC,SVGIG,TCCGTTGGTATTGGC,QISSEVPQNLSASRPQDRQFILSSKKLLLSDSGFYL,CAGATCAGCTCTGAGGTGCCCCAGAATCTCTCAGCCTCCAGACCCCAGGACCGGCAGTTCATCCTGAGTTCTAAGAAGCTCCTTCTCAGTGACTCTGGCTTCTATCTC,CAWSVRSSTAGYSPLHF,TGTGCCTGGAGTGTACGATCTTCTACTGCGGGGTATTCACCCCTCCACTTT,GNGTRLTVT,GGGAATGGGACCAGGCTCACTGTGACAG,92,24,clonotype16,clonotype16_consensus_1,1
TGACTTTAGCCTATGT-1,true,TGACTTTAGCCTATGT-1_contig_2,true,480,TRA,TRAV9-2,,TRAJ54,TRAC,true,true,GNSVTQMEGPVTLSEEAFLTINCTYT,GGAAATTCAGTGACCCAGATGGAAGGGCCAGTGACTCTCTCAGAAGAGGCCTTCCTGACTATAAACTGCACGTACACA,ATGYPS,GCCACAGGATACCCTTCC,LFWYVQYPGEGLQLLLK,CTTTTCTGGTATGTCCAATATCCTGGAGAAGGTCTACAGCTCCTCCTGAAA,ATKADDK,GCCACGAAGGCTGATGACAAG,GSNKGFEATYRKETTSFHLEKGSVQVSDSAVYF,GGAAGCAACAAAGGTTTTGAAGCCACATACCGTAAAGAAACCACTTCTTTCCACTTGGAGAAAGGCTCAGTTCAAGTGTCAGACTCAGCGGTGTACTTC,CALSVPGAQKLVF,TGTGCTCTGAGTGTACCGGGAGCCCAGAAGCTGGTATTT,GQGTRLTINP,GGCCAAGGAACCAGGCTGACTATCAACCCAA,52,13,clonotype16,clonotype16_consensus_2,1
TGGGCGTTCATATCGG-1,true,TGGGCGTTCATATCGG-1_contig_1,true,544,TRA,TRAV12-1,,TRAJ49,TRAC,true,true,RKEVEQDPGPFNVPEGATVAFNCTYS,CGGAAGGAGGTGGAGCAGGATCCTGGACCCTTCAATGTTCCAGAGGGAGCCACTGTCGCTTTCAACTGTACTTACAGC,NSASQS,AACAGTGCTTCTCAGTCT,FFWYRQDCRKEPKLLMS,TTCTTCTGGTACAGACAGGATTGCAGGAAAGAACCTAAGTTGCTGATGTCC,VYSSG,GTATACTCCAGTGGT,NEDGRFTAQLNRASQYISLLIRDSKLSDSATYL,AATGAAGATGGAAGGTTTACAGCACAGCTCAATAGAGCCAGCCAGTATATTTCCCTGCTCATCAGAGACTCCAAGCTCAGTGATTCAGCCACCTACCTC,CVVNTGNQFYF,TGTGTGGTGAACACCGGTAACCAGTTCTATTTT,GTGTSLTVIP,GGGACAGGGACAAGTTTGACGGTCATTCCAA,56,12,clonotype1,clonotype1_consensus_1,1
TGTATTCTCTGACCTC-1,true,TGTATTCTCTGACCTC-1_contig_1,true,499,TRB,TRBV7-2,,TRBJ1-1,TRBC1,true,true,GAGVSQSPSNKVTEKGKDVELRCDPI,GGAGCTGGAGTCTCCCAGTCCCCCAGTAACAAGGTCACAGAGAAGGGAAAGGATGTAGAGCTCAGGTGTGATCCAATT,SGHTA,TCAGGTCATACTGCC,LYWYRQSLGQGLEFLIY,CTTTACTGGTACCGACAGAGCCTGGGGCAGGGCCTGGAGTTTTTAATTTAC,FQGNSA,TTCCAAGGCAACAGTGCA,PDKSGLPSDRFSAERTGGSVSTLTIQRTQQEDSAVYL,CCAGACAAATCAGGGCTGCCCAGTGATCGCTTCTCTGCAGAGAGGACTGGGGGATCCGTCTCCACTCTGACGATCCAGCGCACACAGCAGGAGGACTCGGCCGTGTATCTC,CASSTDWGNTEAFF,TGTGCCAGCAGCACCGATTGGGGGAACACTGAAGCTTTCTTT,GQGTRLTVV,GGACAAGGCACCAGACTCACAGTTGTAG,79,14,clonotype14,clonotype14_consensus_1,1
